{
"type": "FeatureCollection",
"name": "rivers",
"crs": { "type": "name", "properties": { "name": "urn:ogc:def:crs:OGC:1.3:CRS84" } },
"features": [
{ "type": "Feature", "properties": { "Id": 0, "Name": "Kosgolla Oya", "Length": 5877 }, "geometry": { "type": "MultiLineString", "coordinates": [ [ [ 81.161159166468252, 6.821815982818609 ], [ 81.161046077863745, 6.821621676531652 ], [ 81.160961234469241, 6.820968619005762 ], [ 81.16138189035027, 6.81983057607615 ] ], [ [ 81.161159166468252, 6.821815982818609 ], [ 81.160575435514048, 6.822008773543093 ], [ 81.159336166225089, 6.822402116857404 ], [ 81.158592581507094, 6.822609211394618 ], [ 81.157993613252444, 6.822816189073254 ] ], [ [ 81.155392872133689, 6.822767993584972 ], [ 81.155266439589425, 6.822715116396275 ], [ 81.154811695165193, 6.822426380890994 ], [ 81.154542953498463, 6.822220096243377 ], [ 81.15410895054103, 6.822034591705709 ], [ 81.15381964887932, 6.821952221458159 ], [ 81.153406340007635, 6.821807999573943 ], [ 81.153096394015066, 6.821746296159986 ], [ 81.15274509807027, 6.821643323830492 ], [ 81.152352497328181, 6.821561034219824 ] ], [ [ 81.155392872133689, 6.822767993584972 ], [ 81.154977629882595, 6.823252239652775 ], [ 81.154523344261079, 6.823541697032307 ], [ 81.154172257532167, 6.823707173684624 ], [ 81.153635168332059, 6.82379020018514 ], [ 81.153077401581001, 6.823852589833429 ], [ 81.152560905484421, 6.823852997819937 ], [ 81.15208576117594, 6.823894672357414 ], [ 81.151817184789664, 6.823894884027397 ] ], [ [ 81.155479050066845, 6.822804033720443 ], [ 81.155392872133689, 6.822767993584972 ] ], [ [ 81.155479050066845, 6.822804033720443 ], [ 81.155100734508395, 6.822178353741796 ], [ 81.155162451718482, 6.821847906616747 ], [ 81.155162139693758, 6.821455562542224 ], [ 81.154851800529869, 6.820898264224848 ], [ 81.154624345885765, 6.820650647092614 ], [ 81.154210841405927, 6.820258628351628 ], [ 81.154045367660544, 6.820010962342169 ], [ 81.153983322475142, 6.819928412076406 ], [ 81.15394197030939, 6.81988714567087 ] ], [ [ 81.157993613252444, 6.822816189073254 ], [ 81.15735287930606, 6.822465656487915 ], [ 81.157084037572304, 6.822135474900494 ], [ 81.156773778230388, 6.821681425475148 ], [ 81.156546159658191, 6.821227312131869 ], [ 81.156359957649585, 6.820897064711768 ], [ 81.155946533886436, 6.820608296714428 ], [ 81.155574413079222, 6.82029884564246 ], [ 81.155285063001315, 6.820154526168289 ], [ 81.154995696678839, 6.819989557778815 ], [ 81.154561580881847, 6.819659505777333 ] ], [ [ 81.157993613252444, 6.822816189073254 ], [ 81.157559890120297, 6.822981735902943 ], [ 81.15702281846697, 6.823085412615505 ], [ 81.156485695446477, 6.82312714091332 ], [ 81.155907106686897, 6.822983054701205 ], [ 81.155479050066845, 6.822804033720443 ] ], [ [ 81.141672657641493, 6.823200676062852 ], [ 81.141672372378736, 6.822828978503807 ], [ 81.141672087132719, 6.822457282042911 ], [ 81.14173378197107, 6.822085538057644 ], [ 81.141919512732684, 6.821816947767076 ], [ 81.142229124495415, 6.821445013493699 ] ], [ [ 81.141672657641493, 6.823200676062852 ], [ 81.141238911373009, 6.823345556474274 ], [ 81.140660310094475, 6.823180800774064 ], [ 81.140247035043984, 6.823077868307612 ], [ 81.139730460191885, 6.82297501261798 ], [ 81.139441222950865, 6.822975233128632 ], [ 81.139048700917343, 6.822996183091356 ], [ 81.13849097995903, 6.823120506098926 ], [ 81.138015804671298, 6.823120867061666 ], [ 81.137767885415002, 6.823121055205595 ], [ 81.137540690938138, 6.823203826500944 ], [ 81.137127602024876, 6.823348687619409 ], [ 81.136941742778987, 6.823452078327448 ], [ 81.136631906679611, 6.823534911759346 ], [ 81.136301396585196, 6.823597111836015 ], [ 81.135929628415298, 6.823741940737279 ], [ 81.135516679322237, 6.82407264942379 ], [ 81.135557998646505, 6.824072618264251 ], [ 81.13549603552238, 6.824093315431791 ] ], [ [ 81.17132995910778, 6.823221365019518 ], [ 81.171763591329039, 6.822952558772914 ], [ 81.172197204793633, 6.822663102372509 ], [ 81.17256868442476, 6.822187849542713 ], [ 81.172754210647113, 6.821692101766578 ], [ 81.172980849200044, 6.820948521553898 ], [ 81.173145662223092, 6.820390842563961 ], [ 81.173145112188735, 6.819730049834121 ] ], [ [ 81.17132995910778, 6.823221365019518 ], [ 81.171805853630616, 6.824088259679792 ], [ 81.172054472357161, 6.824934693163032 ], [ 81.172281782601459, 6.82499645442107 ], [ 81.172756925110448, 6.824954760031465 ], [ 81.17316984593495, 6.824624020864646 ], [ 81.173438355398829, 6.824541198692947 ], [ 81.173583007243423, 6.824582377813806 ], [ 81.173913721323942, 6.824767948734065 ], [ 81.174781899037157, 6.825324767503274 ], [ 81.174823287925705, 6.82540733154721 ], [ 81.175091969783352, 6.825531005150488 ] ], [ [ 81.144957873403129, 6.823590492937841 ], [ 81.145391458508414, 6.823239110127732 ], [ 81.145680535513392, 6.823032388045295 ], [ 81.145948937478764, 6.822805031417485 ] ], [ [ 81.144957873403129, 6.823590492937841 ], [ 81.145267931866343, 6.823796751105957 ], [ 81.146115033786629, 6.823858042983244 ], [ 81.146651982465173, 6.823589179420272 ] ], [ [ 81.161452324489019, 6.823685741673514 ], [ 81.161658978239117, 6.823622694634009 ], [ 81.161785127655804, 6.823222290759651 ], [ 81.161763623059699, 6.822695593156131 ], [ 81.161426022642246, 6.82227449523585 ], [ 81.161159166468252, 6.821815982818609 ] ], [ [ 81.161452324489019, 6.823685741673514 ], [ 81.161796130996379, 6.824196665894254 ], [ 81.162126938890282, 6.824506145716295 ], [ 81.16235434835211, 6.82469180840986 ], [ 81.162561248255315, 6.825063336588416 ], [ 81.162664864479737, 6.825455598754766 ], [ 81.162706437331721, 6.825765311882113 ], [ 81.162479831057141, 6.826570837047282 ], [ 81.162521553027602, 6.827066396820158 ], [ 81.162666607089207, 6.82760317300743 ], [ 81.162832005751568, 6.827747588193462 ] ], [ [ 81.167169116904887, 6.825118325942043 ], [ 81.1667859774184, 6.824649940456061 ], [ 81.166723743332611, 6.824340245830161 ], [ 81.166516823750172, 6.823948069236287 ], [ 81.166371969133863, 6.823659091406564 ], [ 81.16618582772189, 6.823411445257584 ], [ 81.16602034688357, 6.823163783244055 ], [ 81.165834104557021, 6.822792240304263 ] ], [ [ 81.167169116904887, 6.825118325942043 ], [ 81.167323318738497, 6.824876648059041 ], [ 81.167591575100332, 6.824484082073632 ], [ 81.168004686111672, 6.824380494933084 ], [ 81.168727728956014, 6.82431795046111 ], [ 81.168996120010547, 6.824090581595142 ], [ 81.169305743129016, 6.823759930666087 ], [ 81.169532729271168, 6.823429347699726 ], [ 81.170007835961712, 6.82334635705308 ], [ 81.170627645534296, 6.82336649371868 ], [ 81.17132995910778, 6.823221365019518 ] ], [ [ 81.142645354105127, 6.825388809771893 ], [ 81.14239708602139, 6.824934705073249 ], [ 81.142190153622877, 6.824501217241633 ], [ 81.141941807148569, 6.823943862377645 ], [ 81.141714246872439, 6.823551689859666 ], [ 81.141672657641493, 6.823200676062852 ] ], [ [ 81.142645354105127, 6.825388809771893 ], [ 81.14332668638967, 6.824810091170129 ], [ 81.143739772173035, 6.824665223131215 ], [ 81.144317898827836, 6.824210481474925 ], [ 81.144586284472169, 6.823962476793999 ], [ 81.144957873403129, 6.823590492937841 ] ], [ [ 81.14323336340496, 6.826455276044751 ], [ 81.143059205021487, 6.826235133848349 ], [ 81.142831644338429, 6.825842962000948 ], [ 81.142645354105127, 6.825388809771893 ] ], [ [ 81.14323336340496, 6.826455276044751 ], [ 81.142666953138971, 6.826607132282355 ], [ 81.142253894904172, 6.826793298667682 ], [ 81.141799581898368, 6.827062095867445 ], [ 81.141200537054289, 6.827186453910308 ], [ 81.140725373719405, 6.82720746706803 ], [ 81.139920028107866, 6.827724328471394 ], [ 81.139548351009395, 6.827993058337191 ], [ 81.139176738712791, 6.828344389604563 ], [ 81.138805015152371, 6.828551170441987 ], [ 81.138433244648297, 6.828696003062354 ], [ 81.138211509751798, 6.828851392108948 ] ], [ [ 81.144072166925824, 6.827039696053826 ], [ 81.143844762869065, 6.826854022220947 ], [ 81.143369407309336, 6.826627241883045 ], [ 81.14323336340496, 6.826455276044751 ] ], [ [ 81.144072166925824, 6.827039696053826 ], [ 81.144670873312137, 6.826481688108291 ], [ 81.145021933655201, 6.826274918392101 ], [ 81.145269708587605, 6.826088877755214 ], [ 81.145558853032938, 6.825964754531945 ], [ 81.1459925824104, 6.825799220344125 ], [ 81.146467568297112, 6.825551053723466 ], [ 81.146694729960743, 6.825426978554193 ], [ 81.147066497375945, 6.82528213981412 ] ], [ [ 81.165935319208685, 6.827255799009512 ], [ 81.166848753420481, 6.825620427608178 ], [ 81.167169116904887, 6.825118325942043 ] ], [ [ 81.165935319208685, 6.827255799009512 ], [ 81.166509277894619, 6.82749679424523 ], [ 81.166592103580243, 6.827723874381065 ], [ 81.166736993555432, 6.828054151616968 ], [ 81.166675251603763, 6.828343298477304 ], [ 81.166634236267541, 6.828715027605424 ], [ 81.16659320395415, 6.829066107481064 ], [ 81.166572712623307, 6.82927262183956 ], [ 81.16667628456824, 6.829602932888593 ], [ 81.166779820576735, 6.829891944309156 ], [ 81.166862716852066, 6.830201622980229 ] ], [ [ 81.162832005751568, 6.827747588193462 ], [ 81.163059264427687, 6.82774740380586 ], [ 81.163534427755266, 6.827726368664023 ], [ 81.163864869419655, 6.827581551298623 ], [ 81.164215988265539, 6.827457366707123 ], [ 81.16442250368992, 6.827353948919401 ], [ 81.164980221686989, 6.827229596049738 ], [ 81.16514550060478, 6.827229461234065 ], [ 81.165620646329771, 6.827187774267528 ], [ 81.165723928334529, 6.827167040627335 ], [ 81.165935319208685, 6.827255799009512 ] ], [ [ 81.162832005751568, 6.827747588193462 ], [ 81.162677584752771, 6.828246347620576 ], [ 81.162533183301804, 6.828514911836758 ], [ 81.162202973287378, 6.828948825132672 ], [ 81.1619142183972, 6.829547902713319 ], [ 81.161604651107481, 6.829961148013663 ], [ 81.161543006160215, 6.830374192693996 ], [ 81.161481376186799, 6.830807888280684 ], [ 81.161357833521137, 6.831324231002499 ], [ 81.161275544204599, 6.83175794326519 ], [ 81.161213798587113, 6.832047091251837 ], [ 81.161069360214569, 6.832274354376172 ], [ 81.160945549660937, 6.832460303361714 ], [ 81.160677083367545, 6.832605067254168 ], [ 81.160511885357948, 6.832708450249564 ], [ 81.159995581758139, 6.832956663370635 ], [ 81.159830631577165, 6.833369791672563 ], [ 81.159768834981236, 6.833596989528007 ], [ 81.159562465608118, 6.833886252158259 ], [ 81.159335368597596, 6.834092932636984 ], [ 81.159087778392575, 6.834506126655514 ], [ 81.158964282256164, 6.835084420528965 ], [ 81.159006117658734, 6.83572453038297 ], [ 81.159068513322111, 6.836240723070018 ], [ 81.159125088504041, 6.83647415917301 ] ], [ [ 81.138211509751798, 6.828851392108948 ], [ 81.137813283777689, 6.828489975967045 ], [ 81.13752388633803, 6.828283697914297 ], [ 81.137027951826127, 6.82816017517711 ], [ 81.136800752664897, 6.828242946241638 ], [ 81.136222396672494, 6.828408582341574 ] ], [ [ 81.138211509751798, 6.828851392108948 ], [ 81.138020263016585, 6.828985414222848 ], [ 81.137875720510038, 6.829088773976284 ], [ 81.137586667233052, 6.829336790890571 ], [ 81.1372769378101, 6.829564172891395 ], [ 81.136843262666702, 6.829812301245745 ], [ 81.136450862181491, 6.829998445594881 ], [ 81.136099842626024, 6.830267159546856 ], [ 81.135521669518553, 6.830680592297808 ] ], [ [ 81.138211509751798, 6.828851392108948 ], [ 81.138371640440369, 6.829191645355388 ], [ 81.138371860538001, 6.829480744040785 ], [ 81.138372096365359, 6.829790489829284 ], [ 81.138248387332609, 6.830120980858688 ], [ 81.138103969694257, 6.830389539071428 ], [ 81.138021456760285, 6.830554800260192 ], [ 81.138021692401352, 6.830864548254855 ], [ 81.138021865210504, 6.831091695125907 ], [ 81.137774271555571, 6.831525529581574 ], [ 81.137175612915129, 6.832166129080696 ] ], [ [ 81.145643831523998, 6.828979561575446 ], [ 81.145251147213457, 6.828794018871408 ], [ 81.145065045530757, 6.828587664935051 ], [ 81.145002874263909, 6.82833991415111 ], [ 81.144671976362815, 6.827906525257932 ], [ 81.14448581357, 6.827617570537542 ], [ 81.144072166925824, 6.827039696053826 ] ], [ [ 81.145643831523998, 6.828979561575446 ], [ 81.144755784197287, 6.829413896133298 ], [ 81.144280763342437, 6.82962076157689 ], [ 81.143805707938924, 6.8297863263154 ], [ 81.143495948953998, 6.829972414665616 ], [ 81.143082922320488, 6.830199879926244 ], [ 81.142669974826177, 6.830530596337976 ] ], [ [ 81.166862716852066, 6.830201622980229 ], [ 81.167730489720483, 6.830262859149583 ], [ 81.168618872890335, 6.830262128456912 ], [ 81.169032192971088, 6.830406337136099 ], [ 81.169796803842658, 6.830632854106491 ], [ 81.170602786426883, 6.830921283883225 ], [ 81.170995448531045, 6.831065506249451 ], [ 81.171264133324087, 6.831189181829417 ] ], [ [ 81.166862716852066, 6.830201622980229 ], [ 81.166862886304045, 6.830408120399566 ], [ 81.166697858202639, 6.830718002276224 ], [ 81.166450089881678, 6.830904052455868 ], [ 81.166140324505662, 6.83106950399814 ], [ 81.165933823194891, 6.831193571272161 ], [ 81.165603431050698, 6.83140033843409 ], [ 81.165397251940547, 6.831916751683007 ], [ 81.165356100382567, 6.832123282327399 ], [ 81.165314931911624, 6.832309164825094 ], [ 81.165170563540272, 6.832619029371473 ] ], [ [ 81.171264133324087, 6.831189181829417 ], [ 81.171697634163891, 6.830755178691599 ], [ 81.171966112954848, 6.830631057578478 ], [ 81.172523832245417, 6.830506695892148 ], [ 81.172668435920585, 6.830485924724851 ], [ 81.173143582104544, 6.830444230202762 ], [ 81.173597999676574, 6.830319952770418 ], [ 81.173949152056139, 6.830237061244577 ], [ 81.174197020481557, 6.830174904409797 ], [ 81.174548121358214, 6.830030063677018 ], [ 81.174754617544551, 6.829905992865981 ], [ 81.175250252122183, 6.829657781822055 ], [ 81.17558031012824, 6.829058662598706 ] ], [ [ 81.171264133324087, 6.831189181829417 ], [ 81.171305984939991, 6.831829289248987 ], [ 81.171450810326434, 6.832076966169656 ], [ 81.171699023784655, 6.832427806216146 ], [ 81.171864459391685, 6.832613517037112 ], [ 81.172195212384253, 6.832840390010448 ], [ 81.172402209448961, 6.833315161000486 ], [ 81.172485090597903, 6.833604188086658 ], [ 81.172650698948402, 6.833996395830134 ], [ 81.172857593739636, 6.834347269531383 ], [ 81.17306445384412, 6.834656841910218 ], [ 81.173188639061834, 6.834925185719078 ], [ 81.173292216906503, 6.835255496590984 ] ], [ [ 81.152677688530673, 6.83139739487289 ], [ 81.152153465367221, 6.831142697584212 ], [ 81.15176069387762, 6.830853910715301 ], [ 81.15132665188267, 6.830627104442189 ], [ 81.150851274779924, 6.830379680971489 ], [ 81.150644525698695, 6.830193994902894 ], [ 81.150437632826055, 6.829822461298202 ], [ 81.150292704454586, 6.829430230177167 ], [ 81.150209821043788, 6.829120548037596 ], [ 81.150209464033694, 6.8286662515768 ], [ 81.150167786886669, 6.828211989197554 ], [ 81.150084887588321, 6.827881657716565 ], [ 81.149981359687089, 6.827592642100181 ], [ 81.149815626000233, 6.827014577821656 ], [ 81.149732726637836, 6.826684244583705 ], [ 81.149732467413287, 6.826353848210732 ], [ 81.14967003331526, 6.82577570339506 ] ], [ [ 81.152677688530673, 6.83139739487289 ], [ 81.15283279220904, 6.831003751779906 ], [ 81.153254023782011, 6.83056097879633 ], [ 81.153506856894083, 6.830413297772716 ], [ 81.154075623360058, 6.829949339032727 ], [ 81.15426501833764, 6.829548886068487 ], [ 81.154433182540245, 6.828958832100279 ], [ 81.154580132081193, 6.828200245345291 ], [ 81.155043469378938, 6.827694232340508 ], [ 81.156855065085537, 6.826196919895619 ], [ 81.157803262142437, 6.825753722216916 ], [ 81.158709215195785, 6.825205212858858 ], [ 81.159383264501642, 6.824614751352577 ], [ 81.159825582110969, 6.824193024965633 ], [ 81.160499916962124, 6.823960727347467 ], [ 81.161174285714708, 6.82377056519916 ], [ 81.161452324489019, 6.823685741673514 ] ], [ [ 81.165170563540272, 6.832619029371473 ], [ 81.165542448291077, 6.832618725568842 ], [ 81.165749235450889, 6.832845704442879 ], [ 81.165852772274462, 6.833134714359431 ], [ 81.165935717173184, 6.833506343646437 ], [ 81.166080661096558, 6.833898570865169 ], [ 81.16622550370478, 6.834166898144336 ], [ 81.166328989790301, 6.834393961285367 ], [ 81.16653584643278, 6.834703538364514 ], [ 81.166680638708797, 6.834909917192436 ], [ 81.166742805058618, 6.835137012439781 ], [ 81.166743008487813, 6.835384808854048 ], [ 81.166743381463135, 6.83583910484929 ], [ 81.166743601867452, 6.836107549944893 ], [ 81.166723128534784, 6.836334714606432 ], [ 81.166868277612849, 6.836974738402569 ] ], [ [ 81.165170563540272, 6.832619029371473 ], [ 81.16496436663634, 6.833114791562276 ], [ 81.164675343322443, 6.833383474947627 ], [ 81.164386285988499, 6.83361085691832 ], [ 81.163973502823794, 6.834127437442457 ], [ 81.163787710964357, 6.834313437020625 ], [ 81.163540023728288, 6.83460273485533 ], [ 81.163312978625115, 6.834871367083517 ], [ 81.163127272417867, 6.835160614337999 ], [ 81.16306555898629, 6.835491060433092 ], [ 81.163003864485702, 6.835842157424663 ], [ 81.162962779371185, 6.836131287115907 ], [ 81.162962964089928, 6.836358433279277 ], [ 81.162901552687387, 6.837060575776513 ] ], [ [ 81.149924715474555, 6.834386468659441 ], [ 81.149965808395322, 6.834097339629351 ], [ 81.150006838562533, 6.833725611803477 ], [ 81.149758703331628, 6.833457358538486 ], [ 81.149531198466065, 6.833147789251309 ], [ 81.149117749152069, 6.832838367721602 ], [ 81.148828263635323, 6.832528846596632 ], [ 81.148662836500378, 6.832343129017842 ], [ 81.148332111850607, 6.832136887976314 ], [ 81.148084044606392, 6.83195123475603 ], [ 81.147835800092537, 6.831538433129356 ], [ 81.147690952171047, 6.831249447071292 ], [ 81.14746344970473, 6.830939878857177 ], [ 81.147174029156204, 6.830712955973997 ], [ 81.146926010809338, 6.830589250515236 ], [ 81.146450748811702, 6.830486372056764 ], [ 81.146285337699453, 6.830321302302269 ], [ 81.146057868674873, 6.830053030827807 ], [ 81.145975068060253, 6.829846597618913 ], [ 81.145954133993072, 6.82949556623353 ], [ 81.145809287853197, 6.829206581698106 ], [ 81.145643831523998, 6.828979561575446 ] ], [ [ 81.149924715474555, 6.834386468659441 ], [ 81.149263392159042, 6.834139190320289 ], [ 81.148581618811207, 6.834160374546093 ], [ 81.147879201699752, 6.834202223230753 ], [ 81.147238781011936, 6.834264671325276 ], [ 81.146804962528606, 6.834326959413359 ], [ 81.146453803069477, 6.834409832127628 ], [ 81.145937471890804, 6.834637380274147 ], [ 81.145565666591111, 6.834740918808144 ], [ 81.145214504914023, 6.834823790094981 ], [ 81.144945920010841, 6.834823998272928 ], [ 81.144677335099288, 6.834824206301127 ] ], [ [ 81.149924715474555, 6.834386468659441 ], [ 81.149759822582993, 6.834882194440927 ], [ 81.149367520874335, 6.835192248237654 ], [ 81.148892494474055, 6.835399117830876 ], [ 81.148334891240665, 6.835688653162416 ], [ 81.14794250552805, 6.835895457235378 ], [ 81.147653341472136, 6.835998931185248 ], [ 81.14724026362839, 6.836164451711309 ], [ 81.146682642338874, 6.836433334278721 ] ], [ [ 81.151997321968338, 6.834552614419436 ], [ 81.151577638099525, 6.834509067178387 ], [ 81.151267684565099, 6.834447363060903 ], [ 81.150358695375758, 6.834530677225831 ], [ 81.149924715474555, 6.834386468659441 ] ], [ [ 81.151997321968338, 6.834552614419436 ], [ 81.152153398368299, 6.833743204784532 ], [ 81.152321542509782, 6.833125060310605 ], [ 81.152264937612927, 6.832626480813937 ], [ 81.152517238251932, 6.831804607803668 ], [ 81.152677688530673, 6.83139739487289 ] ], [ [ 81.144677335099288, 6.834824206301127 ], [ 81.14428442296331, 6.834349564663001 ], [ 81.143705661557959, 6.833998964261477 ], [ 81.143312830218804, 6.833627571536047 ], [ 81.142961429949096, 6.833400695584232 ], [ 81.142403347915433, 6.833070728528562 ], [ 81.142072577533355, 6.832802534617079 ], [ 81.14118366388513, 6.832121772997506 ] ], [ [ 81.144677335099288, 6.834824206301127 ], [ 81.144119777653458, 6.835175684750724 ], [ 81.143686199456795, 6.835547716172397 ], [ 81.14339711431019, 6.83575443740604 ], [ 81.142715481271139, 6.835961460468572 ], [ 81.142199050523814, 6.836065107875797 ], [ 81.141310781342938, 6.836230988732823 ] ], [ [ 81.173292216906503, 6.835255496590984 ], [ 81.173333727149711, 6.835482608024974 ], [ 81.173334089115116, 6.835916252772794 ], [ 81.173334416627853, 6.83630859796151 ], [ 81.173252051451257, 6.836639062178483 ], [ 81.173004523549594, 6.837114212576519 ], [ 81.172798124980687, 6.837362181466569 ], [ 81.17261240660072, 6.837630781195208 ], [ 81.172447312949998, 6.837858066874126 ], [ 81.172302861844898, 6.838064683882304 ], [ 81.172137785095558, 6.838312618141296 ], [ 81.171972690995361, 6.838539903125797 ] ], [ [ 81.173292216906503, 6.835255496590984 ], [ 81.173612681404506, 6.835382166488886 ], [ 81.173901959449537, 6.835423224057538 ], [ 81.174336188724922, 6.835856506280002 ], [ 81.174605119102679, 6.836269275478321 ], [ 81.174853284643845, 6.836558165919635 ], [ 81.175452694438604, 6.836867408333984 ], [ 81.176052085406951, 6.837156001290753 ], [ 81.176734172526324, 6.837506474351494 ], [ 81.177147520593124, 6.837671323626791 ], [ 81.17760215272007, 6.837794839277707 ], [ 81.178387473017722, 6.838062623175476 ], [ 81.178842387100332, 6.838516532112494 ], [ 81.17925592694796, 6.838908527924611 ], [ 81.17946279369589, 6.83921809879419 ], [ 81.179690444397039, 6.839672199236925 ], [ 81.179897224125867, 6.839878521095296 ], [ 81.180579300143592, 6.840208337417123 ], [ 81.18086893290706, 6.840662386192835 ], [ 81.18107588938571, 6.841075203895003 ], [ 81.181324149237085, 6.841467337664988 ], [ 81.181613783505227, 6.841921384225923 ], [ 81.181965400718184, 6.842375377729905 ], [ 81.18233755519465, 6.842684806724594 ], [ 81.182689014746828, 6.842952951347002 ], [ 81.183681465176448, 6.843819391344565 ], [ 81.184033227493686, 6.844438580479565 ], [ 81.185087666144995, 6.845304963503382 ], [ 81.185666397236403, 6.845572912538294 ], [ 81.186390038248945, 6.846171129137919 ], [ 81.186679591034149, 6.846521924545822 ], [ 81.187114197262346, 6.847368186719208 ] ], [ [ 81.159125088504041, 6.83647415917301 ], [ 81.159358725169639, 6.837438176570932 ], [ 81.159442082197444, 6.838326049614956 ], [ 81.159421970492048, 6.839007508274491 ] ], [ [ 81.159125088504041, 6.83647415917301 ], [ 81.159502680852739, 6.836612070499021 ], [ 81.159791960583576, 6.836653137118018 ], [ 81.160473817857792, 6.836735186448029 ], [ 81.160990544512359, 6.83700321447965 ], [ 81.16148669438742, 6.837374510427469 ], [ 81.161734970804559, 6.837807953349866 ], [ 81.16210729494037, 6.838344546279194 ], [ 81.162665815203837, 6.839190733243475 ] ], [ [ 81.152344251167477, 6.836859603191434 ], [ 81.152352470393907, 6.836692647762824 ], [ 81.152155152855244, 6.835962426981219 ], [ 81.152042106317779, 6.835175955049485 ], [ 81.151985451404201, 6.834614170400378 ], [ 81.151997321968338, 6.834552614419436 ] ], [ [ 81.152344251167477, 6.836859603191434 ], [ 81.152846144550566, 6.837152207866864 ], [ 81.153357722270968, 6.837446061080635 ], [ 81.15352833137257, 6.837647261876046 ], [ 81.154194778305921, 6.837832581469802 ], [ 81.15470622186578, 6.83795607337964 ], [ 81.155078257675157, 6.838141624144368 ] ], [ [ 81.152044127196689, 6.837732274410348 ], [ 81.15232480879996, 6.837254498935492 ], [ 81.152344251167477, 6.836859603191434 ] ], [ [ 81.152044127196689, 6.837732274410348 ], [ 81.152738376545727, 6.838035070574358 ], [ 81.152924578787861, 6.83836015716231 ], [ 81.15294049170042, 6.838886715134599 ], [ 81.153080330059467, 6.839366711283263 ], [ 81.153313030965819, 6.839707248335817 ], [ 81.153731749608284, 6.840140562185853 ], [ 81.154010902286529, 6.840434598883178 ] ], [ [ 81.171972690995361, 6.838539903125797 ], [ 81.171425351533273, 6.838584697533119 ], [ 81.170516189539839, 6.838461553271782 ], [ 81.169916934378193, 6.838338150499451 ], [ 81.169255955217452, 6.838524543250064 ], [ 81.16878105516227, 6.838875981735889 ], [ 81.168388950841745, 6.839413197559635 ], [ 81.168038097008861, 6.839867780491803 ], [ 81.167707784589325, 6.840177799350556 ] ], [ [ 81.171972690995361, 6.838539903125797 ], [ 81.171724937641443, 6.838746605851418 ], [ 81.17156001488938, 6.839180387936167 ], [ 81.171271043510671, 6.839511023440638 ], [ 81.170940697589359, 6.839779743175892 ], [ 81.1707962298007, 6.839965711110302 ], [ 81.170755097236011, 6.840192892935954 ], [ 81.170755422851201, 6.840585238179172 ], [ 81.17075573134592, 6.84095693308584 ], [ 81.170818003390735, 6.841307925708737 ], [ 81.170838939392269, 6.84163830556642 ], [ 81.170777162171007, 6.841886153195285 ], [ 81.170632899373828, 6.842319917882219 ], [ 81.170550546449505, 6.842671030397728 ], [ 81.170551060512167, 6.843290523155322 ], [ 81.170551283286287, 6.843558968595331 ], [ 81.170551574621129, 6.8439100142411 ], [ 81.170593754730916, 6.844942464898654 ], [ 81.170614671528838, 6.84525219439108 ], [ 81.170656370272511, 6.845706455160287 ] ], [ [ 81.159421970492048, 6.839007508274491 ], [ 81.159897261394249, 6.839131023635074 ], [ 81.160331131885115, 6.83913067358805 ], [ 81.161013178284151, 6.83943986978415 ], [ 81.16128196434758, 6.839687449035962 ], [ 81.161716337169722, 6.840306589553546 ] ], [ [ 81.159421970492048, 6.839007508274491 ], [ 81.159381065606993, 6.839523785646357 ], [ 81.159484885101577, 6.840163845363196 ], [ 81.159505894312943, 6.84059747355654 ], [ 81.159361821273194, 6.84127903036421 ], [ 81.159320849668219, 6.841712709024811 ], [ 81.15927984471297, 6.842105088066727 ], [ 81.159280227654435, 6.842580033043447 ], [ 81.15942540097123, 6.843261358432864 ] ], [ [ 81.154010902286529, 6.840434598883178 ], [ 81.154197155664278, 6.840821635409087 ], [ 81.154476294491943, 6.841100184842307 ], [ 81.154739999725223, 6.841456183930936 ] ], [ [ 81.154010902286529, 6.840434598883178 ], [ 81.153344931165549, 6.840853286394613 ], [ 81.153035256957864, 6.841147790200306 ], [ 81.15283404950452, 6.841442209592735 ], [ 81.15255532685056, 6.841690227718544 ], [ 81.152230167137432, 6.842000231925963 ], [ 81.15206018353517, 6.842588885259322 ], [ 81.152153500168765, 6.843022455271715 ], [ 81.152370706673551, 6.843363004919519 ], [ 81.152680947384752, 6.843780918350091 ], [ 81.152929134854602, 6.844105956199934 ], [ 81.153626715302664, 6.844461611241536 ], [ 81.154014252743352, 6.844647151873785 ], [ 81.154324373496095, 6.844910189652566 ], [ 81.15435556173712, 6.845157961680012 ], [ 81.154355894757259, 6.845576120295878 ], [ 81.154340744366593, 6.846009775972128 ], [ 81.154433915811339, 6.846257500867544 ], [ 81.154651025593651, 6.846474149286463 ], [ 81.154790608899575, 6.846628912640731 ], [ 81.154744381983207, 6.846954181599825 ], [ 81.154713675522444, 6.847310416517568 ] ], [ [ 81.140094174229105, 6.840718173292657 ], [ 81.13986795169032, 6.840671803744162 ], [ 81.139103462275884, 6.840610439406457 ], [ 81.138628048039664, 6.840321703351994 ], [ 81.138008199911539, 6.840280875721726 ], [ 81.137450552526971, 6.840529097122751 ], [ 81.137140846951297, 6.8407977806929 ], [ 81.136789821906504, 6.841066495423949 ], [ 81.135653535482916, 6.841129304544103 ] ], [ [ 81.140094174229105, 6.840718173292657 ], [ 81.139930519332623, 6.841435799234201 ], [ 81.139703741948694, 6.842076116853709 ], [ 81.139497562080123, 6.842633819730753 ], [ 81.139353237097112, 6.843026275250163 ] ], [ [ 81.143731593080886, 6.840813382438114 ], [ 81.143669050954429, 6.84009068743366 ], [ 81.143214248037864, 6.839739991621602 ], [ 81.14267689958902, 6.839513257014112 ], [ 81.142056939467182, 6.839327887269884 ], [ 81.14162286304439, 6.839059772797549 ], [ 81.141416113397511, 6.838874084499912 ], [ 81.141126660463073, 6.838605858456118 ], [ 81.140899205867854, 6.83835823565108 ], [ 81.14065109042528, 6.838110626347864 ], [ 81.140402973030945, 6.837863019110005 ], [ 81.140113505453243, 6.837574143631233 ], [ 81.139906806649506, 6.83745040307142 ], [ 81.13972076844631, 6.837326646627411 ], [ 81.139472652483022, 6.837079038302434 ], [ 81.138872870705043, 6.836253502235 ], [ 81.137984188765245, 6.835882482840355 ], [ 81.137942726979773, 6.835696667158282 ] ], [ [ 81.143731593080886, 6.840813382438114 ], [ 81.142533341931795, 6.840896906027214 ], [ 81.141293675873158, 6.84085656039051 ], [ 81.140570521576521, 6.840815815426238 ], [ 81.140094174229105, 6.840718173292657 ] ], [ [ 81.154739999725223, 6.841456183930936 ], [ 81.154802525791695, 6.842137576899285 ], [ 81.154942391801484, 6.842648546734336 ], [ 81.154958257372485, 6.843113153865799 ], [ 81.154958800772349, 6.843794596111114 ], [ 81.155238287934537, 6.844506790485115 ], [ 81.155595231569805, 6.84518794835571 ], [ 81.155859583955248, 6.846349287015173 ], [ 81.155906379824842, 6.846736433960078 ], [ 81.15559706318821, 6.847480071875518 ] ], [ [ 81.154739999725223, 6.841456183930936 ], [ 81.154910648481078, 6.841703844937271 ], [ 81.155143388919029, 6.842090843988672 ], [ 81.155267673660063, 6.842493414666173 ], [ 81.155469558386159, 6.843050797941491 ], [ 81.155640443181667, 6.843592716669305 ], [ 81.155919831587809, 6.844181013938647 ], [ 81.156106001909876, 6.844459636470401 ], [ 81.156354264702841, 6.844877596820684 ], [ 81.156571549974643, 6.8453110682007 ], [ 81.156711456180943, 6.845868498677681 ], [ 81.156913197374223, 6.846240032822912 ], [ 81.157021927501134, 6.846565179434693 ], [ 81.157115212253387, 6.846952287297295 ], [ 81.157177566608539, 6.84741685909306 ], [ 81.157363825487295, 6.847803892331713 ], [ 81.157673960876437, 6.848082414088841 ] ], [ [ 81.149932261614907, 6.841587677304688 ], [ 81.149269194853161, 6.841531810921572 ], [ 81.148607813234065, 6.841222583882969 ], [ 81.148153183706199, 6.841099041178792 ], [ 81.146913628590156, 6.841203257272879 ], [ 81.146087268103443, 6.84128650131053 ], [ 81.145240183523256, 6.841287159514854 ], [ 81.143731593080886, 6.840813382438114 ] ], [ [ 81.149932261614907, 6.841587677304688 ], [ 81.15002313141791, 6.841076749008072 ], [ 81.150247359801668, 6.840290010939275 ], [ 81.150724566145968, 6.839531167563734 ], [ 81.151117451774851, 6.838772388023421 ], [ 81.151454324553228, 6.83826647757493 ], [ 81.152044127196689, 6.837732274410348 ] ], [ [ 81.139353237097112, 6.843026275250163 ], [ 81.138774958721555, 6.843315815440308 ], [ 81.138237985964395, 6.843584671427226 ] ], [ [ 81.139353237097112, 6.843026275250163 ], [ 81.139457647456368, 6.8444716826178 ], [ 81.139499411068158, 6.845049846298155 ], [ 81.139521335512882, 6.846701812414571 ], [ 81.139418491077208, 6.847300737590436 ] ], [ [ 81.138237985964395, 6.843584671427226 ], [ 81.137143233146034, 6.843936551434842 ] ], [ [ 81.138237985964395, 6.843584671427226 ], [ 81.138073393030098, 6.84449338927416 ], [ 81.137908483141416, 6.844989109981987 ], [ 81.137351460633113, 6.846063324608892 ] ], [ [ 81.170656370272511, 6.845706455160287 ], [ 81.170273999867362, 6.84537941508476 ], [ 81.169963866371688, 6.845111226904883 ], [ 81.16971568125166, 6.844801685457688 ], [ 81.169384683739608, 6.844285715503276 ], [ 81.168847148181797, 6.843852514435789 ], [ 81.168578234991983, 6.843460392442929 ], [ 81.168144140149181, 6.84319230352348 ], [ 81.167544726402383, 6.842883050066249 ], [ 81.167358629060132, 6.842697356591991 ] ], [ [ 81.170656370272511, 6.845706455160287 ], [ 81.170739510782965, 6.846305227285964 ], [ 81.170739768067776, 6.84661497333682 ] ], [ [ 81.170739768067776, 6.84661497333682 ], [ 81.170192093810158, 6.846267421695771 ], [ 81.169819995027709, 6.846019933486958 ], [ 81.169509775845583, 6.84564849504045 ], [ 81.169096237335765, 6.84525649138821 ], [ 81.168600107664176, 6.84492650542415 ], [ 81.168021538410088, 6.844844383830554 ], [ 81.167587714754958, 6.844906691005109 ], [ 81.167195349558156, 6.845134159882496 ], [ 81.166844388234608, 6.845464843989339 ], [ 81.166472580650961, 6.845568398842391 ], [ 81.165625609069835, 6.845713640212794 ], [ 81.164799752791396, 6.846416408633496 ], [ 81.164428078450328, 6.846685159731329 ], [ 81.163974047500275, 6.847305022204599 ] ], [ [ 81.170739768067776, 6.84661497333682 ], [ 81.170905483094273, 6.847131079375014 ], [ 81.171091756899671, 6.847523268429247 ], [ 81.171174640222304, 6.847812297681976 ], [ 81.171299052141052, 6.848349086505293 ], [ 81.171320040055946, 6.848741414415482 ], [ 81.171361654026327, 6.849092423945534 ], [ 81.171371884993931, 6.849263825811438 ] ], [ [ 81.139418491077208, 6.847300737590436 ], [ 81.139088233233323, 6.847713985600699 ], [ 81.138654511689182, 6.847920814865814 ], [ 81.137807666547076, 6.848251857136682 ] ], [ [ 81.139418491077208, 6.847300737590436 ], [ 81.139522110309926, 6.84771365389545 ], [ 81.139460856476859, 6.848663590999814 ] ], [ [ 81.171371884993931, 6.849263825811438 ], [ 81.171087889881605, 6.849375053947476 ], [ 81.170669824475993, 6.849758712291294 ], [ 81.170484051164919, 6.849967944626536 ], [ 81.170263468733538, 6.850246898306044 ], [ 81.169996447137521, 6.85058396787004 ], [ 81.16979908872446, 6.85083967255403 ], [ 81.16961331296622, 6.85104890403888 ], [ 81.169404342407034, 6.851316233249434 ], [ 81.169183720276067, 6.851548726846188 ], [ 81.168951447702696, 6.85174638205168 ], [ 81.168440588085275, 6.852350808605599 ], [ 81.167952605076124, 6.852513828150635 ], [ 81.167092723734072, 6.852677151186295 ], [ 81.16629103698159, 6.852944968195288 ], [ 81.166128321441391, 6.852933485082582 ], [ 81.165744885957039, 6.85303833855724 ], [ 81.165396374508362, 6.853212857901855 ], [ 81.165024608747672, 6.853375779327359 ], [ 81.164559867891342, 6.85353877485919 ], [ 81.164176440465013, 6.853655243837757 ], [ 81.163839501933396, 6.853771672920049 ], [ 81.163397928393294, 6.853841727396895 ], [ 81.162770394841019, 6.853900315065598 ], [ 81.16239836276138, 6.85373800078856 ], [ 81.162003086929232, 6.853575706747946 ] ], [ [ 81.171371884993931, 6.849263825811438 ], [ 81.171382606028502, 6.849443452850726 ], [ 81.171589507231232, 6.849794326539442 ], [ 81.171796390986287, 6.850124549797264 ], [ 81.172189121083676, 6.850330719442567 ], [ 81.172685329448072, 6.850743300221348 ], [ 81.172995553383672, 6.851114737311636 ], [ 81.17347130850726, 6.851775130473151 ], [ 81.173843984565679, 6.852704056423215 ], [ 81.174112924813073, 6.853116825081633 ], [ 81.174423150889183, 6.853488261612156 ], [ 81.17471261503654, 6.853735815040608 ], [ 81.175229539575724, 6.85421032308107 ], [ 81.175601649155126, 6.854457808692282 ], [ 81.175911755481692, 6.854684693642136 ], [ 81.176139185389545, 6.854870350113997 ], [ 81.175705927492118, 6.855614103602761 ], [ 81.175334530910959, 6.856213258045336 ], [ 81.175107656869827, 6.856688392794756 ], [ 81.174901374783317, 6.857080911089804 ], [ 81.174839670353876, 6.857411357536137 ], [ 81.174654204100761, 6.857989705076591 ], [ 81.174654568462998, 6.858423348795842 ], [ 81.174634255263811, 6.858836360095469 ], [ 81.174799823149741, 6.859166616269279 ] ], [ [ 81.158596335100498, 6.851661906115843 ], [ 81.158549593998671, 6.851348324676391 ], [ 81.158607507144339, 6.851104353277415 ], [ 81.158735132015011, 6.850837094492633 ], [ 81.158839446779155, 6.850488545091741 ], [ 81.158885757061313, 6.850267812600621 ], [ 81.158862419007207, 6.850151677372853 ], [ 81.158757748496825, 6.850058837785284 ] ], [ [ 81.158596335100498, 6.851661906115843 ], [ 81.158224484280197, 6.851720281808215 ], [ 81.158050164833242, 6.851732038713751 ] ], [ [ 81.162003086929232, 6.853575706747946 ], [ 81.161770432619264, 6.853308738142985 ], [ 81.161595942899226, 6.853111416473579 ], [ 81.161142494151079, 6.852867859545928 ], [ 81.160921489790496, 6.852635728996257 ], [ 81.160514425085537, 6.852264363134402 ], [ 81.160374765629555, 6.852020551401277 ], [ 81.160269998734336, 6.851811556059404 ], [ 81.160037430821674, 6.85164912756743 ], [ 81.159700285405549, 6.851510014088555 ], [ 81.159444567749759, 6.851463759095358 ], [ 81.159223763413721, 6.85147555226755 ], [ 81.158817064065417, 6.851557189408291 ], [ 81.158596335100498, 6.851661906115843 ] ], [ [ 81.162003086929232, 6.853575706747946 ], [ 81.16138709000802, 6.853529743765599 ], [ 81.161236174322141, 6.85373894452746 ], [ 81.160945864799515, 6.854029566990924 ], [ 81.160725293124898, 6.854331748443208 ], [ 81.160493156728251, 6.854703631225192 ], [ 81.160284226975506, 6.855029034314612 ], [ 81.160110190178258, 6.855389255414837 ], [ 81.159866420268713, 6.855749532825022 ], [ 81.159645791349746, 6.855982020722236 ], [ 81.15949482942267, 6.856133142939375 ], [ 81.159274040060993, 6.856168169687169 ], [ 81.159041535912607, 6.856087047924389 ], [ 81.158808994346415, 6.855959464695464 ], [ 81.158599668908053, 6.855797016333153 ], [ 81.158460028544908, 6.855576435861493 ], [ 81.158239042806414, 6.855367533673719 ], [ 81.158064574586518, 6.855193441926236 ], [ 81.157901755474612, 6.855054187608248 ], [ 81.157750548039218, 6.854903306618302 ], [ 81.157610936361934, 6.854717572149567 ], [ 81.157552779508904, 6.854659541305516 ], [ 81.157552760828395, 6.854636311178263 ], [ 81.157355104536478, 6.854531929297108 ] ], [ [ 81.143541315864127, 6.854902793202688 ], [ 81.14396289764457, 6.854874375522508 ], [ 81.144243683864602, 6.854508969159381 ], [ 81.144440322219396, 6.854368360372026 ], [ 81.145058739899497, 6.85445215408582 ], [ 81.145592837893957, 6.854536012629327 ], [ 81.146154822895227, 6.854338933632555 ], [ 81.146407608521429, 6.85411400635225 ], [ 81.146913269672936, 6.853776514778088 ], [ 81.147334388367383, 6.853158174189492 ], [ 81.147614598961411, 6.852062388227188 ], [ 81.147642221427134, 6.851444354539472 ], [ 81.147894632308677, 6.850741871545715 ], [ 81.147950602931076, 6.850432821965779 ], [ 81.14786584310248, 6.849871059574581 ], [ 81.147949546373127, 6.849084434595294 ], [ 81.14806080758764, 6.847595500811408 ], [ 81.148228652677517, 6.846584078041533 ], [ 81.148452733582232, 6.845600702299186 ], [ 81.148761419424829, 6.844982448791463 ], [ 81.14909829821157, 6.84447653753958 ], [ 81.149463216605412, 6.843886332864863 ], [ 81.149603505757298, 6.843577216890058 ], [ 81.149715422014879, 6.842931025683169 ], [ 81.149883218852324, 6.841863417974143 ], [ 81.149932261614907, 6.841587677304688 ] ], [ [ 81.143541315864127, 6.854902793202688 ], [ 81.143928931749315, 6.855515883811384 ], [ 81.144177316447241, 6.85609388684844 ], [ 81.144095136706085, 6.856692794354423 ], [ 81.143682518288557, 6.857477805419595 ], [ 81.14349699996464, 6.858035493753544 ], [ 81.142981186009337, 6.858965133647826 ], [ 81.142238030204624, 6.859812349235329 ], [ 81.141597926011954, 6.860329087958697 ], [ 81.141019930002301, 6.861010976313318 ], [ 81.140276705731409, 6.861775588153135 ], [ 81.139719463392268, 6.862581358232042 ], [ 81.13936867643126, 6.863180471086507 ], [ 81.139203637474253, 6.863510993992803 ], [ 81.138791086313248, 6.864399252758067 ], [ 81.138626394500648, 6.865184070217261 ], [ 81.138255496837786, 6.866505941305418 ] ], [ [ 81.135587087866995, 6.854965067760952 ], [ 81.136374125216093, 6.855020653208606 ], [ 81.137217528051806, 6.855272835901454 ], [ 81.138145402003744, 6.855721592930471 ], [ 81.139129319519327, 6.855945573758055 ], [ 81.139831951634548, 6.85588885118507 ], [ 81.140197450097176, 6.855618417309588 ] ], [ [ 81.140197450097176, 6.855618417309588 ], [ 81.140478045657147, 6.855410801554035 ], [ 81.140955539453728, 6.854989063601765 ], [ 81.141376820238193, 6.854567366819453 ], [ 81.141826357460729, 6.854342288167856 ], [ 81.142416516291718, 6.854229467961283 ], [ 81.14300689217616, 6.854397561623066 ], [ 81.143372542654063, 6.854734376421519 ], [ 81.143541315864127, 6.854902793202688 ] ], [ [ 81.140197450097176, 6.855618417309588 ], [ 81.140106971787901, 6.855993776655326 ], [ 81.140086467955697, 6.856200289798047 ], [ 81.140045399589482, 6.856530719478375 ], [ 81.140107764741288, 6.857026266412929 ], [ 81.140108018511881, 6.857356662728566 ], [ 81.140004949023307, 6.857666487351722 ] ], [ [ 81.140004949023307, 6.857666487351722 ], [ 81.139302781679589, 6.85808002303841 ], [ 81.139075695646994, 6.858327993976268 ], [ 81.138745541606909, 6.858885791416727 ], [ 81.138374015991246, 6.859381670150643 ], [ 81.137940551973969, 6.859939546002539 ], [ 81.137692899126989, 6.860311430613332 ], [ 81.137383165770032, 6.860559464394936 ], [ 81.136929212202631, 6.861344503434795 ] ], [ [ 81.140004949023307, 6.857666487351722 ], [ 81.139984431467255, 6.857852352297592 ], [ 81.139860762721398, 6.858244793752082 ], [ 81.139819614841372, 6.858471973659497 ], [ 81.139654609341051, 6.858843795807445 ], [ 81.139530862562509, 6.859132987995809 ], [ 81.139407147865299, 6.859463478729283 ], [ 81.13928343300843, 6.859793969987354 ], [ 81.139118379208568, 6.860103844117307 ], [ 81.139077483492457, 6.860661420279743 ], [ 81.138995122815984, 6.86103317896539 ], [ 81.138933439934533, 6.861425572768677 ], [ 81.138747849797426, 6.86190066075511 ], [ 81.13827309253368, 6.862499866024975 ], [ 81.137984178667566, 6.862954383935764 ], [ 81.137467734218276, 6.863078676486031 ] ], [ [ 81.174799823149741, 6.859166616269279 ], [ 81.175130699013778, 6.859517383782743 ], [ 81.175544150757517, 6.859785483061309 ], [ 81.175874957956196, 6.860053649345024 ], [ 81.176309333923442, 6.860631476717019 ] ], [ [ 81.174799823149741, 6.859166616269279 ], [ 81.174221079956865, 6.858898656564994 ], [ 81.173745767982538, 6.858775156800332 ], [ 81.173394525799765, 6.858775450826667 ], [ 81.173043334896775, 6.858837692763811 ], [ 81.172919453788538, 6.858941045724906 ], [ 81.17265111528296, 6.859251015950425 ], [ 81.172279402210634, 6.859478472124922 ], [ 81.171969654025304, 6.859685227692712 ], [ 81.171763093011194, 6.859747349768724 ], [ 81.171287797330407, 6.859644496243976 ], [ 81.17099843426486, 6.859520838934593 ], [ 81.170564545909329, 6.859521199662315 ], [ 81.170234016464704, 6.859583424081251 ], [ 81.169738316949605, 6.859790332617056 ], [ 81.169387193194368, 6.859935172112512 ], [ 81.168932815172212, 6.860142045615993 ], [ 81.168602353406385, 6.860286865806978 ], [ 81.168189229217205, 6.86041110594841 ], [ 81.167693424969642, 6.86049411385134 ], [ 81.167053058620297, 6.860659839493468 ], [ 81.166639846369264, 6.860680830036784 ], [ 81.166123379491708, 6.860763853902412 ], [ 81.165276332011231, 6.860847147883116 ], [ 81.164759881567946, 6.86095082063249 ], [ 81.164491367269761, 6.861054288320923 ], [ 81.163933677940918, 6.86126124180792 ], [ 81.163644435362812, 6.861282128468932 ], [ 81.163437821761278, 6.861282297169962 ], [ 81.163045203782389, 6.861220667566008 ], [ 81.162631941812151, 6.861179704798782 ], [ 81.16221864680054, 6.861097442658649 ], [ 81.161991370672339, 6.861097627545679 ], [ 81.161764262566848, 6.861304309053881 ] ], [ [ 81.161764262566848, 6.861304309053881 ], [ 81.1616400423014, 6.860994665253379 ], [ 81.161206153777741, 6.860995017595961 ], [ 81.160792990976276, 6.861077949733247 ], [ 81.160462442623555, 6.86111951886905 ], [ 81.160007841719747, 6.861057936956882 ], [ 81.159925028609493, 6.8608515064917 ], [ 81.159697618832837, 6.860686492528055 ], [ 81.159325664211408, 6.860624843120333 ], [ 81.159036321002759, 6.860521829355459 ], [ 81.158519652577041, 6.86035704815342 ], [ 81.158147581801103, 6.860150850361938 ], [ 81.157961295608061, 6.859738003617745 ], [ 81.157713060456473, 6.859366508419933 ], [ 81.157464825145794, 6.858995012514988 ], [ 81.157361252490986, 6.85866470043713 ], [ 81.157175102050971, 6.858417052770661 ], [ 81.156823610683659, 6.858107588241474 ], [ 81.15665812152983, 6.857859923768482 ], [ 81.156430664573065, 6.857632958144011 ], [ 81.156182547614435, 6.857406008941262 ], [ 81.155955140174697, 6.857240993017871 ], [ 81.155355255132989, 6.856353532813475 ] ], [ [ 81.161764262566848, 6.861304309053881 ], [ 81.16168171746169, 6.861428274921717 ], [ 81.16157859646448, 6.861655506479482 ], [ 81.161475557126252, 6.861985985833117 ], [ 81.161455467116099, 6.862688094135114 ], [ 81.161455567876772, 6.862811992279353 ], [ 81.161373073374008, 6.862997906349301 ], [ 81.161166559114932, 6.863121972261511 ], [ 81.160877348742559, 6.863184156890728 ] ], [ [ 81.160877348742559, 6.863184156890728 ], [ 81.160608497103013, 6.862874627929048 ], [ 81.159926617514387, 6.862813231865311 ], [ 81.159389350495346, 6.862731067640869 ], [ 81.158624610485347, 6.862401287552859 ], [ 81.158066583771415, 6.862195239718437 ], [ 81.15754979742276, 6.861885910671177 ], [ 81.157053590766211, 6.861473312702 ], [ 81.156371348800477, 6.86095761757809 ] ], [ [ 81.160877348742559, 6.863184156890728 ], [ 81.16065012186742, 6.863246289447265 ], [ 81.160402351714865, 6.863452987684037 ], [ 81.160278464349247, 6.863556337587984 ], [ 81.160154697973311, 6.863804234298938 ], [ 81.160092896772213, 6.86403143212244 ], [ 81.159989790692805, 6.864279312069701 ], [ 81.159845376898431, 6.864547876327801 ], [ 81.159742202037009, 6.8647131576425 ], [ 81.159577143612154, 6.865002387226346 ], [ 81.159081683309608, 6.865519032081001 ], [ 81.158668518391224, 6.86560196426708 ], [ 81.15804893531913, 6.865932859503021 ], [ 81.157635885727075, 6.866160339904715 ], [ 81.157264259423656, 6.866511683278287 ], [ 81.156913359629542, 6.866945610609098 ], [ 81.156583304055076, 6.867606666613858 ], [ 81.156376902629447, 6.867875279708223 ], [ 81.156046497672108, 6.868102692540469 ], [ 81.155571393621827, 6.868247620716586 ], [ 81.155240839149002, 6.868289184888154 ], [ 81.154744856992224, 6.868165682575968 ], [ 81.154434833336282, 6.868042031873529 ], [ 81.154042078070532, 6.867815199000067 ], [ 81.153091325542078, 6.867423610362612 ], [ 81.152967355527224, 6.867423708955601 ], [ 81.152140888346921, 6.867424365423401 ], [ 81.151107834490631, 6.867466483614591 ], [ 81.150260704183253, 6.867467153195539 ], [ 81.14941345979048, 6.867323272072214 ], [ 81.148958626079988, 6.866972585381936 ], [ 81.148276773673672, 6.866952470972918 ], [ 81.147801716064436, 6.867159340959646 ], [ 81.147719264116063, 6.867407202970665 ], [ 81.147223788000488, 6.867923835813661 ], [ 81.146666163110552, 6.868234019644272 ], [ 81.146377092735534, 6.868482042463572 ], [ 81.14598482532422, 6.868874695048681 ], [ 81.145654624037689, 6.869370546960895 ], [ 81.145406843963201, 6.869577237376839 ], [ 81.145117691591764, 6.869722012077293 ], [ 81.144911137737822, 6.869804772265438 ] ] ] } },
{ "type": "Feature", "properties": { "Id": 0, "Name": "Parapa Oya", "Length": 0 }, "geometry": { "type": "MultiLineString", "coordinates": [ [ [ 81.224291455046696, 6.819728342805881 ], [ 81.22391226555132, 6.819965717604132 ], [ 81.223770401014221, 6.820408286501884 ], [ 81.223549565719239, 6.820929937072883 ], [ 81.22354984704333, 6.821230161491149 ], [ 81.223297377730759, 6.821736040140528 ], [ 81.223155423427329, 6.822083800313095 ], [ 81.223139984258395, 6.822478847553238 ], [ 81.22276082163205, 6.822747825013698 ], [ 81.222444775650743, 6.822890331683197 ], [ 81.222097066438977, 6.822985464477917 ], [ 81.221638739839449, 6.823128103426106 ], [ 81.221512460372438, 6.823333637766156 ], [ 81.221243942982923, 6.823586708964753 ], [ 81.221133574386158, 6.823902837976761 ], [ 81.220975808256043, 6.824250614556536 ], [ 81.220897043477962, 6.824550912094337 ], [ 81.2208184253154, 6.825009222857197 ], [ 81.220724058404727, 6.825530755162118 ], [ 81.220613717985415, 6.825878485293319 ] ], [ [ 81.220613717985415, 6.825878485293319 ], [ 81.22039265689709, 6.82616311428511 ], [ 81.220013327556288, 6.826258275158641 ], [ 81.219539129202815, 6.826337721840757 ], [ 81.219460171810255, 6.826432603846129 ], [ 81.219254858626996, 6.826654011950176 ], [ 81.219096972943632, 6.826875378188874 ], [ 81.219018294129242, 6.827270484109852 ], [ 81.218828862977773, 6.8275708845786 ], [ 81.218655272388929, 6.827902871546464 ], [ 81.218307690548244, 6.828140214810221 ] ], [ [ 81.220613717985415, 6.825878485293319 ], [ 81.220882853920614, 6.826289069034309 ], [ 81.220914649663371, 6.826478654018652 ], [ 81.221294774636405, 6.827236763672409 ], [ 81.221405690035112, 6.82750528315809 ], [ 81.22181708139766, 6.827884130117787 ], [ 81.222022894391486, 6.828199964054062 ], [ 81.222149649269127, 6.828500070304459 ], [ 81.222229108930449, 6.828942432027031 ], [ 81.222276905254915, 6.829337419540499 ], [ 81.222577929593712, 6.830032394873411 ] ], [ [ 81.218307690548244, 6.828140214810221 ], [ 81.217959934343398, 6.828187940035549 ], [ 81.217533174994898, 6.828283142978434 ], [ 81.216980381077292, 6.828852499489884 ], [ 81.21650657296739, 6.829358580063846 ], [ 81.216222621164505, 6.830022497522663 ] ], [ [ 81.218307690548244, 6.828140214810221 ], [ 81.218529619117518, 6.828787861482237 ], [ 81.218688122645105, 6.829230152383445 ], [ 81.218925727917906, 6.829735572862916 ], [ 81.218847151904868, 6.830241288239191 ], [ 81.218973993542193, 6.830636203446472 ], [ 81.219100730421189, 6.830920508567041 ], [ 81.219306765693091, 6.831473362939174 ], [ 81.219228350944405, 6.832152892989225 ], [ 81.219292145729369, 6.832753282613227 ], [ 81.219197862661403, 6.833369620492347 ], [ 81.219198362161862, 6.833906864201627 ], [ 81.219088137160028, 6.834381006063324 ], [ 81.218725036818341, 6.834934388758651 ] ], [ [ 81.216222621164505, 6.830022497522663 ], [ 81.21644429992503, 6.830401524067305 ], [ 81.216650286497, 6.830906974932175 ], [ 81.216666519342425, 6.83136519985442 ], [ 81.216651133452658, 6.831823451751598 ], [ 81.216714503042041, 6.831965604648989 ], [ 81.21677803170968, 6.832281572248776 ], [ 81.216794117599207, 6.832581781651839 ], [ 81.216715408683939, 6.832945285514343 ] ], [ [ 81.216222621164505, 6.830022497522663 ], [ 81.215875270300387, 6.830512657276402 ], [ 81.215512168738826, 6.831066039345276 ], [ 81.215212084493132, 6.831382340262769 ], [ 81.215006912772836, 6.831761761747755 ], [ 81.214643852936049, 6.832362544826364 ], [ 81.214233130933039, 6.83271055201355 ], [ 81.21375909855216, 6.832979608581379 ] ], [ [ 81.21375909855216, 6.832979608581379 ], [ 81.213838696752092, 6.833579986491112 ], [ 81.213665200071787, 6.834022582047594 ], [ 81.213634233524445, 6.834733669372825 ], [ 81.213634712401969, 6.835255112016685 ], [ 81.213619267341016, 6.835650158718546 ], [ 81.213256418958849, 6.836487962596621 ] ], [ [ 81.21375909855216, 6.832979608581379 ], [ 81.212779413772992, 6.833517751013487 ], [ 81.212052663379268, 6.834039860101427 ], [ 81.211294405640658, 6.83468840696696 ], [ 81.21055213050478, 6.835526553527631 ], [ 81.209936138311164, 6.836159166823207 ], [ 81.209051415972084, 6.836823627571917 ], [ 81.20818229836182, 6.837266852716327 ], [ 81.207408079119134, 6.837757394925124 ], [ 81.207076280274649, 6.837978913385096 ], [ 81.206855348092859, 6.838421549790688 ], [ 81.206507938333147, 6.83886430201154 ], [ 81.206065528340773, 6.839149124498187 ], [ 81.205796924332262, 6.8393231818337 ], [ 81.205496885527666, 6.839702683706162 ], [ 81.205339146628731, 6.840097859264266 ], [ 81.204770372126802, 6.840509206252101 ] ], [ [ 81.226240473014698, 6.843338256236348 ], [ 81.225621955765121, 6.843142203524587 ], [ 81.225172260651533, 6.843142627567092 ], [ 81.224779148141124, 6.843536273459541 ] ], [ [ 81.224779148141124, 6.843536273459541 ], [ 81.224328975314748, 6.84303105535048 ], [ 81.224075493901765, 6.842469471774187 ], [ 81.223878223213617, 6.841907832991065 ], [ 81.22365303231193, 6.841542859780176 ], [ 81.223287497552249, 6.84137465486925 ], [ 81.222837488184112, 6.841037982446705 ], [ 81.222696615095799, 6.840672929658892 ], [ 81.222583691912874, 6.840139302002089 ], [ 81.222330134149132, 6.839493442409188 ], [ 81.222245317168515, 6.838959790501827 ], [ 81.221992101915376, 6.838679115194459 ], [ 81.221429698466352, 6.838370637742896 ], [ 81.220923637112634, 6.838202562046757 ], [ 81.220501947433377, 6.838090591159948 ] ], [ [ 81.224779148141124, 6.843536273459541 ], [ 81.224357848236423, 6.84384567351525 ], [ 81.223683435995611, 6.843986764186142 ], [ 81.223149422791309, 6.843987265599084 ], [ 81.222502773066751, 6.843763142162384 ], [ 81.2221937648618, 6.843931977462642 ] ], [ [ 81.22618643968741, 6.845641784902472 ], [ 81.225962201326439, 6.846288093295075 ], [ 81.225962599768479, 6.846709459771471 ], [ 81.226131716120094, 6.847214942181139 ], [ 81.225879476847979, 6.847973641019513 ], [ 81.225599237058375, 6.848844732408891 ], [ 81.225600007077205, 6.849659374468668 ], [ 81.225853469654837, 6.850192867524203 ], [ 81.226191171376868, 6.850642008165138 ] ], [ [ 81.204531530459803, 6.847536498084071 ], [ 81.204383753491896, 6.846768491787283 ], [ 81.20427772968381, 6.846073329206509 ], [ 81.203792422627203, 6.845547054237589 ], [ 81.203180660555148, 6.845041959675145 ], [ 81.202758632362389, 6.844557765102548 ], [ 81.202357742543029, 6.84413675430863 ], [ 81.202020073285709, 6.84369461961063 ], [ 81.201998427654246, 6.843062585510103 ], [ 81.202019450796271, 6.842999361913556 ], [ 81.202019205590574, 6.842725472110795 ] ], [ [ 81.204531530459803, 6.847536498084071 ], [ 81.204257978357518, 6.847548136269892 ], [ 81.203857520611493, 6.847611701669011 ], [ 81.203415017057822, 6.847801715691851 ], [ 81.202824857872244, 6.847886518615049 ], [ 81.202319001528664, 6.847950178359556 ], [ 81.201770946287354, 6.847971735861203 ], [ 81.201095998558799, 6.847529902264233 ], [ 81.200947989421152, 6.84702439276342 ], [ 81.200652478424232, 6.846582217915886 ], [ 81.200504618879393, 6.846245254945189 ], [ 81.200356685469032, 6.8458240185416 ], [ 81.20056719915921, 6.845507804116613 ] ], [ [ 81.200852514340426, 6.856562721617619 ], [ 81.200552304928735, 6.856113528561322 ], [ 81.199990034631824, 6.855964209712026 ], [ 81.19905340771335, 6.856264684772891 ], [ 81.19860383257874, 6.856414905262553 ], [ 81.1981915321918, 6.856340361279228 ], [ 81.197629361404651, 6.856303406145773 ], [ 81.197067223874868, 6.856303904382026 ], [ 81.196842204425394, 6.856116827247357 ], [ 81.19657957433337, 6.855779964247639 ], [ 81.196317144621105, 6.85566783192734 ], [ 81.195679956630755, 6.855556030421947 ], [ 81.195267458886477, 6.855256753520229 ], [ 81.195229785737737, 6.855032056231098 ] ], [ [ 81.200852514340426, 6.856562721617619 ], [ 81.20096453887993, 6.85611316027089 ], [ 81.201001780720333, 6.855850942047782 ], [ 81.201038886798287, 6.855438903899612 ], [ 81.200813864686793, 6.855251830347274 ], [ 81.200438807195653, 6.854915070564672 ], [ 81.200101392677439, 6.854765550999337 ], [ 81.199613874736215, 6.854391436739538 ], [ 81.199501248129309, 6.854166806105651 ], [ 81.199500981000682, 6.853867165627799 ], [ 81.199500546942843, 6.853380250602211 ], [ 81.199312567166942, 6.852706228364982 ], [ 81.199162097483921, 6.852069627800305 ], [ 81.198974354374684, 6.851657789621247 ], [ 81.198711526703192, 6.851096197947512 ], [ 81.198448666387179, 6.850497151491425 ], [ 81.19799869558814, 6.850197909981357 ], [ 81.197473842527856, 6.849973644143591 ], [ 81.197173872969657, 6.849786634982072 ], [ 81.196986331568255, 6.849599526715152 ], [ 81.197285603282538, 6.848999981788407 ], [ 81.19713513771265, 6.848363378597113 ], [ 81.197172246948554, 6.84795134044953 ], [ 81.197434109776538, 6.847426738922076 ], [ 81.197696302563187, 6.847276686001443 ], [ 81.197958295762135, 6.846901902615742 ], [ 81.198107896824823, 6.846564675054233 ], [ 81.198407163782605, 6.845965129558914 ], [ 81.199043938982484, 6.845627469275954 ], [ 81.199381147126346, 6.845552259205298 ] ], [ [ 81.218266159860647, 6.85962858738598 ], [ 81.217891318794358, 6.859542322552064 ], [ 81.217448380575576, 6.85926884479097 ], [ 81.217047543812498, 6.858932122900726 ], [ 81.216773129501888, 6.858532076607878 ], [ 81.216372508716987, 6.858427106600217 ], [ 81.215908685486511, 6.858364330787352 ], [ 81.215571442010145, 6.858406779315451 ], [ 81.214791320492637, 6.858238952371048 ], [ 81.214306378308194, 6.858134057854797 ], [ 81.213652854489766, 6.858092523256531 ], [ 81.213294375347388, 6.857966443781294 ], [ 81.212851672991945, 6.857945782162314 ], [ 81.212408930270499, 6.857882982434696 ], [ 81.21196620919018, 6.857841251968154 ], [ 81.211438914539073, 6.857525709033781 ], [ 81.210490134110515, 6.857336962399782 ], [ 81.210026371767839, 6.857337385974128 ], [ 81.20973121137844, 6.857295518676765 ], [ 81.209309414712678, 6.857085218368242 ], [ 81.209035221237102, 6.856916920462779 ], [ 81.208634428727152, 6.856622327080632 ], [ 81.208423379075882, 6.856348631076408 ], [ 81.208106755760753, 6.855885412909982 ], [ 81.207958792062058, 6.85544311103275 ] ], [ [ 81.218266159860647, 6.85962858738598 ], [ 81.218624228944861, 6.859312228297941 ], [ 81.218961354733821, 6.859143368487785 ], [ 81.219319599984004, 6.859016623145748 ], [ 81.219614565655391, 6.858847801660708 ], [ 81.219761891478086, 6.858594843542326 ], [ 81.219593052368637, 6.858384316484933 ], [ 81.219171272815629, 6.858195095396932 ], [ 81.218981315022944, 6.857942451734846 ], [ 81.219044301107445, 6.857668503258428 ], [ 81.219212685916077, 6.857394457107035 ], [ 81.219317869523252, 6.857162606419008 ], [ 81.219317653250542, 6.856930855628919 ], [ 81.218853538337129, 6.856552057553738 ], [ 81.218410737625618, 6.856426058203007 ], [ 81.218199761755784, 6.856236639975383 ], [ 81.218051866677399, 6.855878614951262 ], [ 81.218199016626969, 6.855436041356875 ], [ 81.218282944215602, 6.855014595641115 ], [ 81.218261432624118, 6.854551110237315 ], [ 81.218050161511812, 6.854045666221044 ], [ 81.217860188134452, 6.853771953363934 ], [ 81.217543715102224, 6.853477289794879 ], [ 81.217206259561124, 6.853287986149338 ], [ 81.216911081797917, 6.853225055124891 ], [ 81.216468401758348, 6.853225465132336 ], [ 81.215941540427181, 6.853373432124661 ], [ 81.215435659826852, 6.853416036246006 ], [ 81.214992942809602, 6.853374308314544 ], [ 81.214655410453815, 6.853100730176577 ], [ 81.214465359933385, 6.852742740977312 ], [ 81.214190893288588, 6.852279489778582 ], [ 81.213979860446329, 6.852026863166826 ], [ 81.213769024065556, 6.851984920539449 ], [ 81.213516219809165, 6.852153701237019 ], [ 81.213326773092845, 6.852448832940627 ], [ 81.21317952294477, 6.85278606244713 ], [ 81.212757905507161, 6.852765381613501 ], [ 81.212462534449628, 6.852491763118085 ], [ 81.212441242083287, 6.852260029745838 ], [ 81.212567508185302, 6.852028161013387 ], [ 81.212967831839265, 6.851817110374864 ], [ 81.213241870693594, 6.851816858657439 ], [ 81.213494655496206, 6.851627010082798 ], [ 81.213494384042335, 6.85133205277407 ], [ 81.213473071328167, 6.851079250888787 ], [ 81.213156621505362, 6.850805652135914 ], [ 81.212544938359798, 6.850405914101077 ], [ 81.212186388011432, 6.850195557944242 ], [ 81.212059695383942, 6.849963923302397 ], [ 81.21193290851123, 6.84962694459951 ], [ 81.212016956343561, 6.849331909979486 ], [ 81.212332863231822, 6.84901559428788 ], [ 81.212775423532221, 6.848888776855678 ], [ 81.213154742629655, 6.848762018761233 ], [ 81.213428586499177, 6.848551082914465 ], [ 81.213470532092614, 6.848319293119593 ], [ 81.213322664849102, 6.847982334163663 ], [ 81.213048512026205, 6.847856174302713 ], [ 81.212690000488664, 6.847687957212732 ], [ 81.2124156949926, 6.847393250511126 ], [ 81.212288983758214, 6.84714054562322 ], [ 81.212267460009173, 6.846655990819952 ], [ 81.212246129536581, 6.846382122399486 ], [ 81.212203815851183, 6.84621361289301 ], [ 81.21190856518416, 6.846066405218585 ], [ 81.211592312574126, 6.846003488217127 ], [ 81.211339433927108, 6.846087994414097 ], [ 81.2110655331457, 6.846235722745585 ], [ 81.210665116243675, 6.846341429765183 ], [ 81.209316152868922, 6.846490138862579 ], [ 81.208472945943967, 6.846469837353806 ], [ 81.208072279356074, 6.846301652720576 ], [ 81.207671881256445, 6.84642842754548 ], [ 81.207292867351313, 6.846892275559243 ], [ 81.20704023556695, 6.847250667485989 ], [ 81.206555630081127, 6.847503927717173 ], [ 81.206155210908648, 6.847609631105743 ], [ 81.20571248050247, 6.847546825621302 ], [ 81.205269766996025, 6.847505088878732 ], [ 81.204531530459803, 6.847536498084071 ] ], [ [ 81.186981787872341, 6.861731237147525 ], [ 81.186419254892783, 6.861282263346326 ], [ 81.186081774234978, 6.861057824161333 ], [ 81.185856772595045, 6.860889471313086 ], [ 81.18537882875728, 6.860749426330234 ], [ 81.185097611606608, 6.860581121551057 ], [ 81.184900621056258, 6.860300377886866 ], [ 81.184816128933662, 6.860103810863002 ], [ 81.184731662742379, 6.859935337004007 ], [ 81.184450494654897, 6.859823212654475 ], [ 81.184309911762327, 6.859767150965787 ], [ 81.184309742544727, 6.85957051299519 ], [ 81.184337414187794, 6.859064845100279 ], [ 81.18444947906525, 6.858643379862968 ], [ 81.184421227275635, 6.85847485537607 ], [ 81.184196007770666, 6.858053680018006 ], [ 81.184111397811634, 6.857716657337624 ], [ 81.183886275529005, 6.857407845724093 ], [ 81.183829869111477, 6.857183163332567 ], [ 81.1836891658795, 6.856986645922816 ], [ 81.183604628870597, 6.856733896618423 ], [ 81.18360441177326, 6.856481074423363 ] ], [ [ 81.186981787872341, 6.861731237147525 ], [ 81.187431187619666, 6.861365661305705 ], [ 81.187908765040106, 6.861084334156813 ], [ 81.188301923157596, 6.860690715351319 ], [ 81.188414084111997, 6.860381613816116 ], [ 81.187935945091581, 6.860016842547891 ], [ 81.187795288657483, 6.859876508451817 ], [ 81.187766888793703, 6.859539436226161 ], [ 81.187654167078207, 6.859202438167604 ], [ 81.187428995361046, 6.858837447021759 ], [ 81.18740064511438, 6.858556558338515 ], [ 81.187400425957506, 6.858303736284427 ], [ 81.187399963322378, 6.857770003403855 ], [ 81.187371464911621, 6.857320566107701 ], [ 81.187286657656287, 6.856758815210508 ], [ 81.187314472748085, 6.856421695887183 ], [ 81.187398380897946, 6.855944070274115 ], [ 81.187426195345409, 6.855606950389029 ], [ 81.187313523624212, 6.855326134627927 ], [ 81.187004008119274, 6.854933125074798 ], [ 81.186947478519187, 6.854567987105919 ], [ 81.186722380938633, 6.854287268332503 ], [ 81.186272503172631, 6.854091017023684 ], [ 81.185738353235607, 6.853951022122258 ], [ 81.185119932096157, 6.853867281146261 ], [ 81.184501656112928, 6.85395208638717 ], [ 81.183995566564775, 6.853755881167999 ], [ 81.183826780390959, 6.853587478825381 ], [ 81.183629479676497, 6.852941548147305 ], [ 81.183516545719627, 6.852351727068311 ], [ 81.183516063707245, 6.851789900591705 ], [ 81.183403324631058, 6.851424810143246 ], [ 81.183318716115764, 6.851087787127774 ], [ 81.183262189922104, 6.850722648471653 ], [ 81.183037048199083, 6.850385745696907 ], [ 81.182952560466362, 6.850189178112799 ], [ 81.182671086017208, 6.849711867125841 ] ], [ [ 81.226217534907462, 6.863982275781879 ], [ 81.225922469477908, 6.864045759801284 ], [ 81.225732884533556, 6.86419341691037 ], [ 81.225353717053409, 6.864488734785027 ], [ 81.224911248558143, 6.864720903790658 ], [ 81.224468560049971, 6.864721321864467 ], [ 81.224131032549593, 6.864468819371677 ], [ 81.223646045006845, 6.864321798892779 ], [ 81.223371880233856, 6.864195645791709 ], [ 81.222992294454343, 6.864048525363692 ], [ 81.222718129992188, 6.863922374073792 ], [ 81.222317483831489, 6.863796339233798 ], [ 81.221874734982336, 6.863733549787383 ], [ 81.221305583477772, 6.863755152100481 ], [ 81.220715334311308, 6.863755704925831 ], [ 81.220399128295909, 6.863756000784564 ], [ 81.219745636188051, 6.863756611565162 ], [ 81.219070924087973, 6.863609763477045 ], [ 81.218670239652511, 6.863441588959931 ], [ 81.218121856309708, 6.863126073757805 ], [ 81.217763195867562, 6.862810381530479 ], [ 81.21740433831043, 6.862284004550439 ], [ 81.217235520573269, 6.862094546923077 ], [ 81.217172005424601, 6.861799648606056 ], [ 81.217171574664832, 6.861336145321192 ], [ 81.21744538370784, 6.861083069833636 ], [ 81.217656068109548, 6.860956462656313 ], [ 81.218119815509752, 6.860934963482253 ], [ 81.218393779197143, 6.860850435379058 ], [ 81.218562147410694, 6.860555321392178 ], [ 81.218540870591625, 6.860344658239128 ], [ 81.218435116675309, 6.859965524581227 ], [ 81.218266159860647, 6.85962858738598 ] ], [ [ 81.186383146107914, 6.864708530523046 ], [ 81.186618413467713, 6.864063129587015 ], [ 81.186645644811989, 6.863051819937604 ], [ 81.186701324168681, 6.862433763378364 ], [ 81.186981787872341, 6.861731237147525 ] ], [ [ 81.186383146107914, 6.864708530523046 ], [ 81.18610735983998, 6.864602110314499 ], [ 81.185591484606718, 6.864531448726989 ], [ 81.185075831331048, 6.864718547948304 ], [ 81.184489169917072, 6.865065694234065 ], [ 81.183956252798453, 6.865478963556329 ], [ 81.183555847296518, 6.86562678764558 ], [ 81.183155461834119, 6.865795678404004 ], [ 81.182776155755292, 6.865964550223604 ], [ 81.182628771532649, 6.866175362069338 ], [ 81.182460470638716, 6.866575807009335 ], [ 81.182292457364397, 6.867313348621003 ], [ 81.182060986557161, 6.867798120534431 ], [ 81.181913871655325, 6.868324959165931 ], [ 81.181724579347147, 6.868830765172894 ], [ 81.181556203633647, 6.869146936361909 ], [ 81.181155886015333, 6.869400099137298 ], [ 81.180734395352886, 6.869547939099668 ], [ 81.180418202388751, 6.869569276930465 ], [ 81.179975327137981, 6.869358969335599 ], [ 81.179701007770632, 6.869043175632048 ], [ 81.179363518867618, 6.868811709044913 ], [ 81.179026173108142, 6.868748790341397 ], [ 81.178520182840685, 6.868686015091318 ], [ 81.177908625578993, 6.868433711247575 ], [ 81.177592487793319, 6.868518254261412 ], [ 81.176896929007654, 6.86864525306264 ], [ 81.176327910985165, 6.868835350669878 ], [ 81.175948545369337, 6.868941013016977 ], [ 81.175400464844401, 6.868962543018568 ], [ 81.174768201803644, 6.869152692086288 ], [ 81.174367703070757, 6.8691951654895 ], [ 81.17405159777951, 6.869321841361436 ], [ 81.1737776713816, 6.869469551442916 ], [ 81.17346165247622, 6.869701568636693 ], [ 81.17333546929882, 6.870059838707769 ], [ 81.173335805140866, 6.87046014121541 ], [ 81.173230807658086, 6.87094480340403 ], [ 81.172935940877792, 6.871261077873257 ], [ 81.17262011618331, 6.871724848298782 ], [ 81.172072153820949, 6.871893855384976 ], [ 81.171671705259087, 6.871999531589612 ], [ 81.171018303233993, 6.872126488684788 ] ], [ [ 81.206812043075573, 6.864902714128672 ], [ 81.206405756807413, 6.8640861735709 ], [ 81.205918292296204, 6.863786976370633 ], [ 81.20573053612496, 6.863375141684817 ], [ 81.205467931355386, 6.863075738817984 ], [ 81.205205461885583, 6.862926155578518 ], [ 81.204868108004703, 6.86285155003535 ], [ 81.204380949996619, 6.862889445833457 ], [ 81.203856417879749, 6.863039739074049 ], [ 81.20329427291226, 6.863040245093555 ], [ 81.202769605452616, 6.863040716783115 ], [ 81.202582121640518, 6.862928518703525 ], [ 81.202357029617914, 6.86266653653771 ], [ 81.201719562468654, 6.862255103459966 ], [ 81.201531711378635, 6.861730902072039 ], [ 81.201269009358157, 6.861319132444422 ], [ 81.200856469712548, 6.860982406931686 ], [ 81.20063120979475, 6.860533148809154 ], [ 81.200143517975093, 6.859971759434206 ], [ 81.199993279071862, 6.859597342596301 ], [ 81.199993011423544, 6.859297703861399 ], [ 81.200067629152599, 6.858923086354062 ], [ 81.20036696895086, 6.858398449853452 ], [ 81.200703213525713, 6.857237044374496 ], [ 81.20070284502917, 6.856825039731119 ], [ 81.200852514340426, 6.856562721617619 ] ], [ [ 81.206812043075573, 6.864902714128672 ], [ 81.207423626747826, 6.865176048522396 ], [ 81.207993337507475, 6.865765446377372 ], [ 81.20864760047651, 6.86660758734568 ], [ 81.209196253492749, 6.867218070765734 ], [ 81.21025111379069, 6.868123048729175 ], [ 81.211010923541082, 6.869112567813895 ], [ 81.21136995245304, 6.869828563890101 ], [ 81.211644659956463, 6.870544636468035 ], [ 81.211919348963605, 6.87123964080334 ], [ 81.21213102747123, 6.872187524135409 ], [ 81.212405485434402, 6.872629709174084 ], [ 81.21436703339171, 6.873744524199666 ], [ 81.2156959501784, 6.874628167040808 ], [ 81.216349849127326, 6.875048927359789 ], [ 81.216961626745942, 6.87551186409905 ], [ 81.217084256907995, 6.875533060935997 ] ], [ [ 81.187769625259818, 6.86584730275533 ], [ 81.187401754577721, 6.865527644510269 ], [ 81.187152546052815, 6.865302692118274 ], [ 81.186927081917418, 6.865113270585018 ], [ 81.186650055457136, 6.864832736233023 ], [ 81.186383146107914, 6.864708530523046 ] ], [ [ 81.187769625259818, 6.86584730275533 ], [ 81.187187942487739, 6.866224747269047 ], [ 81.187019639396993, 6.866618170702654 ], [ 81.186935658230666, 6.867011521074701 ], [ 81.186851675289617, 6.867404873091149 ], [ 81.186486594212354, 6.86777037572176 ], [ 81.186177824392303, 6.86824819391599 ], [ 81.186093769389089, 6.868557270728215 ], [ 81.186178553863655, 6.86909093221178 ], [ 81.186459922539512, 6.869427784506759 ], [ 81.186629007095164, 6.869933280265123 ], [ 81.186910277489346, 6.870157767295326 ], [ 81.186938752038401, 6.870579112848766 ], [ 81.186995527978524, 6.871225163354078 ], [ 81.187108397206515, 6.871730707551559 ], [ 81.187389865764359, 6.872179924608432 ], [ 81.187502638059343, 6.872573104284878 ], [ 81.187643593023566, 6.873050532926423 ], [ 81.187559780809622, 6.8736405227724 ], [ 81.187335358161803, 6.874146361153849 ], [ 81.186970321409518, 6.874568046245169 ], [ 81.186717739110463, 6.875017725188192 ], [ 81.186577539568404, 6.875411125830703 ], [ 81.186606110224005, 6.875944834023186 ] ], [ [ 81.193916026629552, 6.867232236204963 ], [ 81.19371142902331, 6.867015361149091 ], [ 81.193509635505805, 6.866778517114446 ], [ 81.193331423841414, 6.866387592125852 ], [ 81.193236299613247, 6.866091400677985 ], [ 81.193058163078348, 6.865783430342577 ], [ 81.19267850345868, 6.865546743782618 ], [ 81.192251467332227, 6.865369353575868 ], [ 81.191741539463266, 6.865322397095062 ], [ 81.191291014987328, 6.865405747978716 ], [ 81.190935425725741, 6.865571972012438 ], [ 81.190615265308523, 6.865572251766601 ], [ 81.190069742953312, 6.865501623202815 ], [ 81.18958353223482, 6.86545464207817 ], [ 81.189263484916026, 6.86558528239155 ], [ 81.18882504360846, 6.865929342514783 ], [ 81.188576164265342, 6.866083622445431 ], [ 81.18819669352763, 6.866060250755574 ], [ 81.187769625259818, 6.86584730275533 ] ], [ [ 81.193916026629552, 6.867232236204963 ], [ 81.1942098493477, 6.866842805431225 ], [ 81.194288748422053, 6.86666892078794 ], [ 81.194288553250175, 6.866447703072269 ], [ 81.194209236069085, 6.866147547694384 ], [ 81.194114080566891, 6.865815803292881 ], [ 81.19395578104897, 6.865594724238093 ], [ 81.1937026334097, 6.8653895284048 ], [ 81.193291425029457, 6.86523187692008 ], [ 81.192990859030502, 6.865042526042505 ], [ 81.192769360921289, 6.864868905379772 ], [ 81.192563632411506, 6.864647867433117 ], [ 81.192452764451517, 6.864426744531611 ], [ 81.192310207877014, 6.864126644740822 ], [ 81.192151799394722, 6.863779154896167 ], [ 81.192072567243727, 6.863573806181406 ], [ 81.191961658763873, 6.863305281478581 ], [ 81.191850640694113, 6.862910344979655 ], [ 81.191660625364051, 6.862578682965699 ], [ 81.191581352119513, 6.862325930274145 ], [ 81.191470542767689, 6.862168014050685 ], [ 81.191359662658925, 6.861931090991916 ], [ 81.191296255458653, 6.86174152918682 ], [ 81.191122106740508, 6.861473060060992 ], [ 81.190663042582699, 6.860825605126049 ], [ 81.190631311305722, 6.86069922314629 ], [ 81.190615168972769, 6.860320003227 ], [ 81.190757032664663, 6.859830039390356 ], [ 81.190804188645998, 6.859513971254184 ], [ 81.190787949603163, 6.859024143213524 ], [ 81.190945651321101, 6.858565766819954 ], [ 81.191055963820304, 6.858154835134552 ], [ 81.191229502984882, 6.857728046148606 ], [ 81.19130820833621, 6.857332944070229 ], [ 81.191465811740002, 6.856763957215175 ], [ 81.191607729042417, 6.856337197966688 ], [ 81.191670817341176, 6.856163327549312 ], [ 81.191702257996027, 6.855957883484991 ], [ 81.191670319361222, 6.85559447942022 ], [ 81.191638518546029, 6.855389090098816 ], [ 81.191638394071205, 6.855246878476588 ], [ 81.191685631634883, 6.855025616901925 ], [ 81.191590369906137, 6.854567461454085 ], [ 81.191447844808081, 6.854298964025604 ], [ 81.191415975102444, 6.854014566732339 ], [ 81.191399819431624, 6.853619546936548 ], [ 81.191478675654707, 6.853398259955815 ], [ 81.19165224062435, 6.85300307436603 ], [ 81.191652005582569, 6.852734452569988 ], [ 81.191588600259124, 6.85254489121556 ], [ 81.19160423068152, 6.852339458746495 ], [ 81.191682893632262, 6.851896953262313 ], [ 81.191650954919112, 6.851533550773917 ], [ 81.191539913330558, 6.851107010319458 ], [ 81.191444694188661, 6.850696258044817 ], [ 81.191238930759198, 6.850427816210994 ], [ 81.191033194057795, 6.85019097502519 ], [ 81.190827362115797, 6.849843524475687 ], [ 81.19068472703789, 6.849448614809556 ], [ 81.190399777814505, 6.84902222771808 ] ], [ [ 81.204329569716435, 6.870467022859511 ], [ 81.204518801700317, 6.869919072204902 ], [ 81.204939824300709, 6.869265571246476 ], [ 81.205571500381907, 6.868443332767613 ], [ 81.205887213458809, 6.86789526774065 ], [ 81.206034243560339, 6.867305218717988 ], [ 81.205907262255522, 6.866757554503766 ], [ 81.205864433462267, 6.866020199384854 ], [ 81.205906230971863, 6.865619861959409 ], [ 81.206243022677896, 6.865071777690497 ], [ 81.206812043075573, 6.864902714128672 ] ], [ [ 81.204329569716435, 6.870467022859511 ], [ 81.20406649931121, 6.870525878353559 ], [ 81.203307753799606, 6.870704326816192 ], [ 81.202774157437133, 6.870716657193854 ], [ 81.202418388130809, 6.870681423929538 ], [ 81.202157384422762, 6.870539446426235 ], [ 81.201920108390155, 6.870409299806445 ], [ 81.201730169858223, 6.870172450613895 ], [ 81.201528362725483, 6.869923760192333 ], [ 81.201409591964961, 6.869710548379598 ], [ 81.201255268712941, 6.86952107195889 ], [ 81.200911177875767, 6.869284360505634 ], [ 81.200662193299067, 6.86932013653014 ], [ 81.200377848688859, 6.869592962650155 ], [ 81.200188408077523, 6.86991310982454 ], [ 81.199998998475039, 6.870268807297033 ], [ 81.199868710962377, 6.870434838773724 ], [ 81.199524946732751, 6.870565505474521 ], [ 81.199264093695518, 6.870589439625812 ] ], [ [ 81.199264093695518, 6.870589439625812 ], [ 81.198967476266859, 6.870400089361532 ], [ 81.198896181975002, 6.870234240035241 ], [ 81.198812973948847, 6.870009144029121 ], [ 81.198789026152639, 6.86974844425454 ], [ 81.198895473464731, 6.869440222785905 ], [ 81.198954519837557, 6.869167596704441 ], [ 81.199001665168879, 6.868847578489314 ], [ 81.199001358477886, 6.868503900646362 ], [ 81.198977431301529, 6.86826690221677 ], [ 81.19914262653397, 6.867354228538786 ], [ 81.199118731109223, 6.867152783235141 ], [ 81.199296165289354, 6.866666733729178 ], [ 81.199367058673289, 6.866382247455836 ], [ 81.199414245893436, 6.866109631898103 ], [ 81.199437400619303, 6.865481508393805 ] ], [ [ 81.199264093695518, 6.870589439625812 ], [ 81.198778099488038, 6.870791341743793 ] ], [ [ 81.198778099488038, 6.870791341743793 ], [ 81.198529113906403, 6.870827116716318 ], [ 81.198197070441381, 6.870803708752923 ], [ 81.197817342761738, 6.870495922105521 ], [ 81.197662946771558, 6.870223485867061 ], [ 81.197556036301535, 6.870010262460845 ], [ 81.197223772211245, 6.86973798460468 ], [ 81.196950923882937, 6.869607866992216 ], [ 81.196618849724416, 6.869548906395695 ], [ 81.196180097092892, 6.869537443349368 ], [ 81.195859881193897, 6.869478471716783 ], [ 81.195622649747918, 6.869395725104635 ], [ 81.195492023531315, 6.869182522137002 ], [ 81.195337452698809, 6.868708619046561 ], [ 81.19502866490464, 6.86816374683127 ], [ 81.194850535221036, 6.867867629092684 ], [ 81.194494579385264, 6.867619071428484 ], [ 81.194091234982466, 6.867417960199596 ], [ 81.193916026629552, 6.867232236204963 ] ], [ [ 81.198778099488038, 6.870791341743793 ], [ 81.198598723807706, 6.871224595995653 ], [ 81.198599024460776, 6.871561690845946 ], [ 81.198515301176769, 6.872235955102441 ], [ 81.198656643313313, 6.873134746861301 ], [ 81.198572796323006, 6.873668555977748 ], [ 81.198404774519574, 6.874370986232453 ], [ 81.197871199450262, 6.874905195123442 ], [ 81.197506096370901, 6.875242614957081 ], [ 81.197056544848024, 6.875439653753213 ], [ 81.196522642175523, 6.875608673831282 ], [ 81.196157214075058, 6.875580906902356 ], [ 81.195651244835716, 6.875553264122576 ], [ 81.195173509302734, 6.87566605111841 ], [ 81.194667987088451, 6.876144050016862 ], [ 81.19455592818629, 6.876565517039481 ], [ 81.194415709470789, 6.87693082645686 ], [ 81.194078662709046, 6.877212036672826 ], [ 81.1939945355943, 6.877436841768025 ], [ 81.193854368032902, 6.877858333450227 ], [ 81.193910856515373, 6.878167287364244 ], [ 81.19396744487014, 6.878588607166924 ], [ 81.193911402226959, 6.878785294324157 ], [ 81.193743024966494, 6.87909444652353 ], [ 81.193602633671105, 6.879263118722284 ] ], [ [ 81.171018303233993, 6.872126488684788 ], [ 81.170406956588863, 6.872126997776581 ], [ 81.169985251511434, 6.872022006693456 ], [ 81.169647782240077, 6.871811601267106 ], [ 81.169268044459102, 6.87147482070379 ], [ 81.168888361864816, 6.871201244738089 ], [ 81.168024204439078, 6.871391577355143 ], [ 81.167033314509297, 6.87128705234245 ], [ 81.16623229447174, 6.871350919137238 ], [ 81.165557758367626, 6.871414679560981 ], [ 81.164651401028109, 6.871562902359882 ], [ 81.163787049328732, 6.871521473506124 ], [ 81.163323442884177, 6.871732536376814 ], [ 81.162417222167591, 6.872049305689711 ], [ 81.161426453182884, 6.872092249426204 ], [ 81.160583181035122, 6.872050797685807 ], [ 81.160035161981881, 6.872156584611325 ], [ 81.159697986953176, 6.87230433656346 ], [ 81.15944515165333, 6.872473090415972 ], [ 81.158960444518712, 6.872663099780372 ], [ 81.158623131939805, 6.872642303583575 ], [ 81.158391019704808, 6.872368599833291 ], [ 81.157737459673399, 6.872305920128556 ], [ 81.157337006926141, 6.872411586205931 ], [ 81.156662467995503, 6.872475334254747 ], [ 81.156135443316103, 6.872475757404939 ], [ 81.155039183700623, 6.872413430109374 ], [ 81.154427852919213, 6.872434987548578 ], [ 81.153879882152083, 6.872603972025843 ], [ 81.153479461744482, 6.872751772373356 ], [ 81.152973568083425, 6.872815380315152 ], [ 81.152678467519678, 6.872857751976337 ], [ 81.151624586272334, 6.873069275089844 ], [ 81.150886902381927, 6.873259475378519 ], [ 81.150444216819466, 6.873280895395481 ], [ 81.149938273719513, 6.873281295109702 ], [ 81.149390133836036, 6.873239588974111 ], [ 81.148989678642707, 6.873345248766426 ], [ 81.148420590206953, 6.873472106851659 ], [ 81.146530578219597, 6.873796640711011 ], [ 81.14554666539847, 6.873628861785623 ], [ 81.144618924288835, 6.873404853190929 ], [ 81.144084652720011, 6.873124354288727 ], [ 81.143325540307202, 6.872872120879216 ], [ 81.142791335380593, 6.872675895981057 ], [ 81.142397758524396, 6.872591925074381 ], [ 81.141723340542057, 6.872817178160089 ], [ 81.140767971908261, 6.873211194712597 ], [ 81.14017789760149, 6.873464472400572 ], [ 81.13972836366743, 6.873717640891059 ], [ 81.13908207036134, 6.873970960473692 ], [ 81.137736218378492, 6.874385950170562 ] ], [ [ 81.171018303233993, 6.872126488684788 ], [ 81.171261379092698, 6.872744035395014 ], [ 81.171458627879673, 6.873333789107227 ], [ 81.171571340681297, 6.873670790700663 ], [ 81.171515712217939, 6.874373120018982 ], [ 81.171263232314345, 6.87496324891648 ], [ 81.170954348717615, 6.875328693184763 ], [ 81.170617263169618, 6.875581796648675 ], [ 81.170251951889455, 6.875694465470563 ], [ 81.169689953269838, 6.87589157282361 ], [ 81.169184288696613, 6.876229089059574 ], [ 81.168931758886984, 6.87676303432299 ], [ 81.168848319622242, 6.877830573848826 ], [ 81.169073559167359, 6.878279848985048 ], [ 81.16929912620148, 6.879122400892968 ], [ 81.16958081720523, 6.879852540750997 ], [ 81.169778135922854, 6.880526568506451 ], [ 81.169947255174762, 6.881088254393468 ] ], [ [ 81.203453206289879, 6.873288201105244 ], [ 81.203888586789759, 6.872363577893783 ], [ 81.204077723082563, 6.871710286661855 ], [ 81.204329569716435, 6.870467022859511 ] ], [ [ 81.203453206289879, 6.873288201105244 ], [ 81.203909207418477, 6.873468692782947 ], [ 81.204288948337876, 6.873784376272671 ], [ 81.204890040597661, 6.874099858751803 ], [ 81.205238146678212, 6.874399770226527 ], [ 81.205380744880088, 6.874731467116722 ], [ 81.205412766006646, 6.87517387587581 ], [ 81.205808492757555, 6.875679159760656 ], [ 81.206077663221791, 6.876105550293234 ], [ 81.206362600334302, 6.87648452254605 ], [ 81.206900654458735, 6.877021277378462 ] ], [ [ 81.137736218378492, 6.874385950170562 ], [ 81.137602392225133, 6.87416080670286 ], [ 81.137522227708672, 6.874000878430021 ], [ 81.137450840396284, 6.873689841872801 ], [ 81.137183760683456, 6.873334513282171 ], [ 81.136987918940903, 6.873094678375167 ], [ 81.136640976397658, 6.872970507218688 ], [ 81.136356335940405, 6.872908506168206 ], [ 81.135662692728161, 6.872980138784599 ] ], [ [ 81.137736218378492, 6.874385950170562 ], [ 81.137620795030401, 6.874421540985089 ], [ 81.13570942180948, 6.874394906168979 ] ], [ [ 81.137736218378492, 6.874385950170562 ], [ 81.13751394448812, 6.874800831694754 ], [ 81.137282970576052, 6.875138765122824 ], [ 81.137052015051481, 6.875503361146452 ], [ 81.136740996351207, 6.875841353740675 ], [ 81.135941179594411, 6.8766419113952 ] ], [ [ 81.217084256907995, 6.875533060935997 ], [ 81.217446565890839, 6.875595686142812 ], [ 81.217888991417723, 6.875300317061977 ], [ 81.218183593155544, 6.874731195794999 ], [ 81.218414852170213, 6.874056792306189 ], [ 81.218498685060453, 6.87353000617373 ], [ 81.218434831145316, 6.87287694418379 ], [ 81.21828673556081, 6.872308237691185 ], [ 81.218180605167134, 6.871528805830607 ], [ 81.218369740993879, 6.870896578189344 ], [ 81.218812004315026, 6.870432662368606 ], [ 81.219233282737321, 6.870074106933787 ], [ 81.219633657632102, 6.869905184988123 ], [ 81.220181775249273, 6.869925740992481 ], [ 81.220603763332193, 6.870325644693592 ], [ 81.22060419798656, 6.87078914924234 ], [ 81.220668150980842, 6.871547549655157 ], [ 81.221195645169985, 6.872052697147367 ], [ 81.221723081031641, 6.872494636717613 ], [ 81.222271417547518, 6.872746942334286 ], [ 81.222756455390041, 6.872936101785688 ], [ 81.223346757684581, 6.872977682213894 ], [ 81.223831376436607, 6.872724404213081 ], [ 81.22431577657521, 6.872239374165742 ], [ 81.224652650239548, 6.871796620799172 ], [ 81.225200051242084, 6.871058711183403 ], [ 81.225726767721284, 6.870742187070968 ], [ 81.226316607123422, 6.870299192955014 ] ], [ [ 81.217084256907995, 6.875533060935997 ], [ 81.217045226118813, 6.875968583746066 ], [ 81.217045490938915, 6.876253005785214 ], [ 81.217108028897115, 6.876555146707566 ], [ 81.217268451998081, 6.876919415357373 ], [ 81.217473334067861, 6.877274753587935 ], [ 81.217624881106701, 6.877656805487028 ], [ 81.217838715023007, 6.87807435233174 ], [ 81.218070221774056, 6.878367447712728 ], [ 81.218088191827704, 6.878562971921885 ], [ 81.21817750175407, 6.878962858403999 ], [ 81.218088830808256, 6.879247364966775 ], [ 81.217955658824323, 6.879496358299843 ], [ 81.217769001860887, 6.879612079296318 ], [ 81.217404473151674, 6.879727965892315 ], [ 81.217137664836258, 6.87972821426973 ], [ 81.216915358505048, 6.87976397416263 ], [ 81.216621993456059, 6.879897570785793 ], [ 81.216515469346604, 6.880110985939996 ], [ 81.216515700929989, 6.880359856579195 ], [ 81.216613818847676, 6.880670853384215 ], [ 81.216614017405803, 6.880884169332604 ], [ 81.216472009426425, 6.881195389344022 ], [ 81.21633085744817, 6.881518644627662 ] ], [ [ 81.146922696738855, 6.876331322811908 ], [ 81.146220342466989, 6.87678133642183 ] ], [ [ 81.146922696738855, 6.876331322811908 ], [ 81.146360378175984, 6.876135122577992 ], [ 81.145826124528455, 6.875882719170248 ], [ 81.145657300501583, 6.875658119387379 ], [ 81.145123157373561, 6.875546171168765 ], [ 81.14416763290329, 6.875743553604645 ], [ 81.143493167855937, 6.875912627147009 ], [ 81.142706312078985, 6.876137967430434 ], [ 81.142313059406192, 6.876475370892265 ], [ 81.142088497313438, 6.876868824185227 ], [ 81.141695177851119, 6.877121951113358 ], [ 81.141329879639201, 6.877262689963184 ], [ 81.141020949014731, 6.87760002513479 ], [ 81.14068401777854, 6.878077840081041 ], [ 81.140487518883148, 6.878415088277977 ], [ 81.140234933518428, 6.87892092743031 ], [ 81.139954435394571, 6.87967961302071 ] ], [ [ 81.146220342466989, 6.87678133642183 ], [ 81.145770896902206, 6.877146876013001 ], [ 81.145321317854922, 6.877343865350091 ], [ 81.144562526610571, 6.877513006281645 ], [ 81.143887906227491, 6.877485440058783 ] ], [ [ 81.146220342466989, 6.87678133642183 ], [ 81.1462488023909, 6.877230775735003 ], [ 81.146108701960898, 6.877792714065719 ], [ 81.145743667862561, 6.878270552629074 ], [ 81.145519042580915, 6.878579733572454 ], [ 81.145182137316084, 6.879085642551546 ], [ 81.14512614060547, 6.879366600628046 ], [ 81.144873493494202, 6.879788168148079 ], [ 81.144480239028965, 6.880125571210645 ] ], [ [ 81.153331743778281, 6.87680381259316 ], [ 81.152600705756853, 6.876523480484328 ], [ 81.151391787323874, 6.876187344166214 ], [ 81.150745321339457, 6.876215947388668 ], [ 81.149677187114989, 6.876188700556197 ], [ 81.148665204430216, 6.876077131627897 ], [ 81.147962566671794, 6.876161959720511 ], [ 81.147625290856908, 6.876190315705715 ], [ 81.147119453101752, 6.876331168601901 ], [ 81.146922696738855, 6.876331322811908 ] ], [ [ 81.153331743778281, 6.87680381259316 ], [ 81.152938475607627, 6.877113131119222 ], [ 81.152264234319361, 6.877563129295888 ], [ 81.151280646222105, 6.877816732662555 ], [ 81.150718658904523, 6.878041909935432 ], [ 81.150381470472595, 6.878182632775502 ], [ 81.149932138704202, 6.878688633736822 ] ], [ [ 81.20202375360266, 6.876849081899203 ], [ 81.202226878512249, 6.876452347379103 ], [ 81.202731760168447, 6.875272061394896 ], [ 81.202836499676081, 6.874534573195307 ], [ 81.20336257315175, 6.873480677005727 ], [ 81.203453206289879, 6.873288201105244 ] ], [ [ 81.20202375360266, 6.876849081899203 ], [ 81.202631988155048, 6.877293761162763 ], [ 81.202695517776291, 6.877609730236345 ], [ 81.202854008476535, 6.878036223933617 ], [ 81.203170482978166, 6.878320361594656 ], [ 81.203803472631634, 6.87893604106753 ], [ 81.204341455497683, 6.879393792666419 ], [ 81.204626264637028, 6.879630555180024 ], [ 81.204974405106285, 6.879962067741439 ], [ 81.205243332221883, 6.880119837000498 ], [ 81.205686065927694, 6.880151039187377 ], [ 81.20601802097778, 6.880071731406113 ], [ 81.206302373815916, 6.879802850430083 ] ], [ [ 81.158785688372888, 6.877979272810612 ], [ 81.157998111665137, 6.87730571445376 ], [ 81.157267094826139, 6.877053482929632 ], [ 81.156564322225236, 6.876969772885581 ], [ 81.155721075232378, 6.876970449914821 ], [ 81.154681184736376, 6.877111740389356 ], [ 81.153978389837192, 6.876999935465088 ], [ 81.153331743778281, 6.87680381259316 ] ], [ [ 81.158785688372888, 6.877979272810612 ], [ 81.158758535504049, 6.879159131092137 ], [ 81.158449684264056, 6.879580752227592 ], [ 81.157803260580692, 6.879665547856199 ], [ 81.157578733505716, 6.880087098796669 ], [ 81.157129203641432, 6.880340283943449 ], [ 81.156651427777561, 6.880424942234188 ], [ 81.156342280531902, 6.880481372936101 ], [ 81.155948921224379, 6.880678329181428 ], [ 81.155949124467128, 6.880931151974668 ] ], [ [ 81.169947255174762, 6.881088254393468 ], [ 81.170200722670756, 6.88167796152316 ], [ 81.170763523595184, 6.882435959456555 ], [ 81.171016945931768, 6.882969481813544 ], [ 81.171298454155774, 6.883474891170189 ], [ 81.17146748238487, 6.883924210642292 ], [ 81.171467881989415, 6.88440176366546 ] ], [ [ 81.169947255174762, 6.881088254393468 ], [ 81.169413147932616, 6.88103251652687 ], [ 81.168766725085078, 6.88111732696022 ], [ 81.167980016507158, 6.881511256833464 ], [ 81.167530489751584, 6.88176445150201 ], [ 81.167305902526394, 6.882101732946099 ], [ 81.166940676705281, 6.882326766361433 ], [ 81.166519259006165, 6.882579936371892 ], [ 81.16598533624834, 6.882748925655583 ], [ 81.165620064609755, 6.882917773874082 ], [ 81.165339233657093, 6.883227009755339 ], [ 81.165030247834238, 6.883480086008475 ], [ 81.164693199622334, 6.883789367764133 ], [ 81.164356197147526, 6.884154831897967 ], [ 81.163963069232665, 6.884632706566034 ], [ 81.163401172471083, 6.884970264535085 ], [ 81.163038508348436, 6.885097451020449 ] ], [ [ 81.226319900767479, 6.881268627961099 ], [ 81.225758270417714, 6.881830982686517 ], [ 81.225224721163343, 6.882365220484607 ], [ 81.224775147918663, 6.882534194153132 ], [ 81.224437901498931, 6.882590695058907 ], [ 81.224297573869237, 6.882815555572539 ], [ 81.224213513689477, 6.88309654670064 ], [ 81.224073318801132, 6.883461865600877 ], [ 81.223736284236978, 6.883743094162075 ], [ 81.223455412848764, 6.883968088909949 ], [ 81.223287133956333, 6.884361523319925 ], [ 81.222922388197844, 6.885064147197683 ] ], [ [ 81.21633085744817, 6.881518644627662 ], [ 81.216570219635372, 6.881604156817932 ], [ 81.216730437359615, 6.881746218951672 ], [ 81.216792940742749, 6.882012807895253 ], [ 81.216882076547407, 6.882226041084138 ], [ 81.216900013242181, 6.882386012306215 ] ], [ [ 81.21633085744817, 6.881518644627662 ], [ 81.216285640810781, 6.881622197560247 ], [ 81.216125712535913, 6.881791221355254 ], [ 81.21590347950179, 6.881906974740193 ], [ 81.215405607790302, 6.88209409038766 ], [ 81.215032231633415, 6.882263311738485 ], [ 81.214676790614519, 6.882592505821276 ], [ 81.214410311646901, 6.882948281460338 ], [ 81.214143780697981, 6.883250727145743 ], [ 81.213824110587993, 6.883793204870358 ], [ 81.213602122663985, 6.884175603107916 ], [ 81.213379993041727, 6.884406902374765 ], [ 81.213051133491632, 6.884629411089713 ], [ 81.21262444208368, 6.884852009795422 ] ], [ [ 81.206913368357377, 6.881892896568157 ], [ 81.207449418908126, 6.881859937622693 ] ], [ [ 81.206913368357377, 6.881892896568157 ], [ 81.206944008070309, 6.882188264374321 ], [ 81.206865241019443, 6.882504362040784 ], [ 81.206754707264523, 6.882662475298233 ], [ 81.206612596043072, 6.882868021006034 ], [ 81.20662863781817, 6.883120827241036 ], [ 81.206676314581188, 6.883389406699236 ], [ 81.20683446726639, 6.883436666082849 ], [ 81.207040054445187, 6.883483883903446 ], [ 81.207245653853604, 6.883546901955558 ], [ 81.207530382099293, 6.883688853910551 ], [ 81.207736126411618, 6.883909884316991 ], [ 81.207926089736816, 6.884162531884495 ], [ 81.208115950566182, 6.884304569960662 ], [ 81.208321593773093, 6.884414992333565 ], [ 81.20870113192467, 6.884493651794423 ] ], [ [ 81.205492199216096, 6.882012973605229 ], [ 81.205699828254765, 6.882030075893836 ], [ 81.206205779304909, 6.882029616707845 ], [ 81.206753774787913, 6.881902707243736 ], [ 81.206913368357377, 6.881892896568157 ] ], [ [ 81.205492199216096, 6.882012973605229 ], [ 81.205426116025606, 6.882409554830359 ], [ 81.205299878055015, 6.882683558706568 ], [ 81.205004873514866, 6.882831303898319 ], [ 81.204752031739517, 6.882979012411155 ], [ 81.204562718895687, 6.88344268776941 ], [ 81.204288949965459, 6.883758961520268 ], [ 81.204078402877485, 6.884054109949989 ], [ 81.203825769235124, 6.884433569034976 ], [ 81.20376279247715, 6.884728583453064 ], [ 81.203594788236828, 6.885445062346075 ], [ 81.203679534339841, 6.8859084898442 ], [ 81.203848490010358, 6.886245431879748 ], [ 81.204059495318035, 6.886455925384322 ], [ 81.204207351290563, 6.886771817746661 ], [ 81.204334146553592, 6.887108797692237 ], [ 81.204376556933369, 6.887382648750647 ], [ 81.204503140787594, 6.887487875461045 ], [ 81.204756081033992, 6.887445509800209 ], [ 81.205009020675092, 6.887403144008776 ], [ 81.205240955658311, 6.887445070370842 ], [ 81.20551514751628, 6.887592299544378 ], [ 81.205536383987379, 6.8877608283975 ], [ 81.205325970031424, 6.888203455151882 ], [ 81.205066640901521, 6.888438369464299 ] ], [ [ 81.200148968452879, 6.883262298758674 ], [ 81.200082393567286, 6.882901206136482 ], [ 81.199765305879055, 6.881932342975432 ], [ 81.199743677217185, 6.8813213777372 ], [ 81.199847591841333, 6.879656880350178 ], [ 81.200036547266933, 6.878792905593403 ], [ 81.200900022555288, 6.877844053232792 ], [ 81.201805997378713, 6.877274392317754 ], [ 81.20202375360266, 6.876849081899203 ] ], [ [ 81.200148968452879, 6.883262298758674 ], [ 81.200578143128368, 6.883214525299243 ], [ 81.200936089995892, 6.882729630312068 ], [ 81.201041117138232, 6.88230816846715 ], [ 81.201230584591585, 6.882013040208585 ], [ 81.201462403033418, 6.881928558751728 ], [ 81.201757483546601, 6.881865087276812 ], [ 81.201947099906889, 6.881738506876123 ], [ 81.202199923583805, 6.881569731242681 ], [ 81.202389427448608, 6.881316741397917 ], [ 81.202579005429556, 6.881148022501979 ], [ 81.202874066823696, 6.881063483450642 ], [ 81.203105941523376, 6.881042206427964 ], [ 81.203422292909707, 6.881189399098125 ], [ 81.20361217673269, 6.881357775962118 ], [ 81.203738987298806, 6.88171582428429 ], [ 81.204160973587406, 6.882115741940176 ], [ 81.204329700850678, 6.882199862674723 ], [ 81.204835611220446, 6.882157268333128 ], [ 81.205193839500765, 6.881988397950382 ], [ 81.205492199216096, 6.882012973605229 ] ], [ [ 81.148667970859265, 6.884021321122977 ], [ 81.148335696066965, 6.883713454570368 ], [ 81.147884957922003, 6.883559745085025 ], [ 81.14735116572254, 6.883346845529261 ] ], [ [ 81.148667970859265, 6.884021321122977 ], [ 81.148620173580156, 6.883559166364739 ], [ 81.148358637259932, 6.882729798420307 ] ], [ [ 81.16092706276541, 6.884298090317483 ], [ 81.16044875813958, 6.88373665380482 ], [ 81.159998861886592, 6.883540379059787 ], [ 81.159998473796904, 6.883062827013489 ], [ 81.160110633327122, 6.882725638330625 ], [ 81.160054097260073, 6.882332405572758 ], [ 81.159969405268797, 6.88188301297795 ], [ 81.159969131407493, 6.881545917197507 ], [ 81.159968857558127, 6.881208819204538 ], [ 81.16010905804319, 6.880787335697141 ], [ 81.160052590763271, 6.88047837656717 ], [ 81.159742918977116, 6.879888710522085 ], [ 81.159517687107069, 6.879439430571059 ], [ 81.159461174847237, 6.879074288683988 ], [ 81.159292045781598, 6.878484506707609 ], [ 81.158785688372888, 6.877979272810612 ] ], [ [ 81.16092706276541, 6.884298090317483 ], [ 81.160337307089023, 6.884944671247117 ], [ 81.16000025467217, 6.885253949906554 ], [ 81.159916087150904, 6.885450658368845 ], [ 81.159803926947632, 6.885787845355496 ], [ 81.159579330675058, 6.886125124084016 ], [ 81.159242230805489, 6.886378219644678 ], [ 81.158736479254671, 6.886631452075499 ], [ 81.158455573318491, 6.886856408919088 ], [ 81.158259038615071, 6.887137481727517 ], [ 81.158062571871369, 6.887502828132737 ], [ 81.157810411900158, 6.888514322040587 ], [ 81.157389072751201, 6.888879849782695 ], [ 81.156771106898589, 6.889414082532945 ], [ 81.156405895109629, 6.889667198915763 ], [ 81.156160172487844, 6.889797460532545 ] ], [ [ 81.163038508348436, 6.885097451020449 ], [ 81.162839159877677, 6.885167362894065 ], [ 81.162277011180663, 6.885195913348649 ], [ 81.161545955012656, 6.884915596563469 ], [ 81.161264664220113, 6.884663004654598 ], [ 81.16092706276541, 6.884298090317483 ] ], [ [ 81.163038508348436, 6.885097451020449 ], [ 81.163031339658247, 6.885329263879018 ], [ 81.163173911379133, 6.885660976401248 ], [ 81.163126787775496, 6.886040247634122 ] ], [ [ 81.222922388197844, 6.885064147197683 ], [ 81.222532573160166, 6.884916778932618 ], [ 81.22213180976928, 6.884685405891033 ], [ 81.221393706493146, 6.884412211571131 ], [ 81.220971843285028, 6.884159787125872 ], [ 81.220508014375412, 6.884118086010458 ], [ 81.22017079251934, 6.884202675380891 ], [ 81.219812627925634, 6.88443476342374 ], [ 81.219349076824258, 6.884688018412159 ], [ 81.218864363693598, 6.884857017461984 ], [ 81.218084569507283, 6.885089498298553 ], [ 81.2175997587712, 6.885153155650797 ], [ 81.217093864678219, 6.885216833258382 ], [ 81.216798823469645, 6.885322449606137 ], [ 81.216461737825497, 6.885554513459475 ], [ 81.21629326406962, 6.885744286567162 ], [ 81.216103825119902, 6.886060488238502 ], [ 81.215851102507671, 6.886334612068371 ], [ 81.21559830348572, 6.886524462724158 ], [ 81.215155651263771, 6.886588078016747 ] ], [ [ 81.222922388197844, 6.885064147197683 ], [ 81.222866384180122, 6.88528892779616 ], [ 81.222642178679166, 6.885991417248682 ], [ 81.222473847123894, 6.886328669812323 ], [ 81.222417868742468, 6.886581542833862 ], [ 81.222519086390918, 6.886913603636775 ], [ 81.22260229702097, 6.887126842737343 ], [ 81.222721113640361, 6.887375599592162 ], [ 81.222745032784374, 6.887588894030682 ], [ 81.222579339752542, 6.88793272875886 ], [ 81.222389831432835, 6.888169926837586 ], [ 81.222046162546462, 6.888407269552626 ], [ 81.221904052920607, 6.888608869234699 ], [ 81.221845051637672, 6.888917048029333 ], [ 81.221762702909373, 6.889616332569335 ], [ 81.221798825729039, 6.890196994179856 ], [ 81.221811163803494, 6.890706573792107 ], [ 81.221621955717751, 6.89126374630357 ], [ 81.221491814376364, 6.891583843775103 ], [ 81.221337900266676, 6.891844710951713 ] ], [ [ 81.18226061829948, 6.885915891703468 ], [ 81.181928204789699, 6.885473740319867 ], [ 81.181532181542735, 6.884605005760911 ], [ 81.18072481538789, 6.883436397100168 ], [ 81.180740600056609, 6.883404780071357 ], [ 81.180503299505034, 6.88324696966242 ] ], [ [ 81.18226061829948, 6.885915891703468 ], [ 81.182228859430921, 6.885757905766051 ], [ 81.182165276081861, 6.885362926503357 ], [ 81.182243679842657, 6.884604395589317 ], [ 81.18202156515062, 6.883719710071867 ], [ 81.181673016400296, 6.882898338134807 ], [ 81.180881951768527, 6.882298564798427 ], [ 81.180186133401577, 6.882141146092739 ], [ 81.179316569358079, 6.882189291052187 ], [ 81.178795089586217, 6.882521563654606 ], [ 81.178842521918099, 6.882521523293617 ], [ 81.178542247993576, 6.882679792016916 ] ], [ [ 81.163126787775496, 6.886040247634122 ], [ 81.163617232185317, 6.886403278708559 ], [ 81.163822957998491, 6.886624329126295 ], [ 81.164249977498827, 6.886766190774674 ], [ 81.164455783386813, 6.887082049385692 ], [ 81.16456666899532, 6.88733478092507 ], [ 81.164788298045139, 6.887666427875075 ], [ 81.164851790060681, 6.887966601738427 ], [ 81.164962755299129, 6.888314141085235 ], [ 81.165184372636162, 6.888629986290701 ], [ 81.165374277400559, 6.888835247433479 ], [ 81.165611602899233, 6.889024667346874 ], [ 81.165864674192733, 6.889135068781043 ] ], [ [ 81.163126787775496, 6.886040247634122 ], [ 81.163190575850024, 6.886703854348195 ], [ 81.163096241706, 6.887351788420605 ], [ 81.163128277212166, 6.887857405337307 ], [ 81.16319235073037, 6.888868642430598 ], [ 81.16352478965122, 6.889358211617812 ], [ 81.163746510418733, 6.88980046956266 ], [ 81.163889150705714, 6.890211187031705 ], [ 81.164015991146101, 6.890637720581048 ], [ 81.164032309165677, 6.891253960269555 ] ], [ [ 81.150019019413378, 6.88706928499021 ], [ 81.149654491523009, 6.886900347881816 ], [ 81.148954565904859, 6.886545368856238 ], [ 81.148420806724573, 6.886379875343327 ], [ 81.147566937809088, 6.886297590375247 ], [ 81.146962205539083, 6.886357320723702 ], [ 81.14616786060239, 6.886571260797514 ], [ 81.145764740508028, 6.886654535436682 ], [ 81.14546839171193, 6.886796979496586 ], [ 81.144875536132872, 6.886880399471322 ], [ 81.144579020344267, 6.886809523524532 ], [ 81.14411637538619, 6.886596566671713 ], [ 81.143689325761912, 6.886407281509459 ], [ 81.143380785757955, 6.886123096714274 ], [ 81.143048492002549, 6.885791524365374 ] ], [ [ 81.150019019413378, 6.88706928499021 ], [ 81.149832358536941, 6.886888357060662 ], [ 81.1497253332887, 6.886509206249041 ], [ 81.149131757967893, 6.885680101367654 ], [ 81.149001006462356, 6.885289121066871 ], [ 81.14879894676281, 6.884696727610964 ], [ 81.148667970859265, 6.884021321122977 ] ], [ [ 81.198948223740217, 6.887621545753462 ], [ 81.199369211737647, 6.886904841875637 ], [ 81.199727049132406, 6.886293539426551 ], [ 81.199958284299811, 6.885555936876405 ], [ 81.200252781326569, 6.884839347261146 ], [ 81.200315420602195, 6.884165101961683 ], [ 81.200148968452879, 6.883262298758674 ] ], [ [ 81.198948223740217, 6.887621545753462 ], [ 81.198394010708398, 6.887573883497087 ], [ 81.197967204848879, 6.887680922514684 ], [ 81.197433705839885, 6.887823609318714 ], [ 81.196899973756928, 6.887705575874715 ] ], [ [ 81.196899973756928, 6.887705575874715 ], [ 81.196401817689235, 6.887587506905405 ], [ 81.195797148315293, 6.887706555419762 ], [ 81.195405895841134, 6.887789859292464 ], [ 81.195109478871927, 6.887837525174723 ], [ 81.194813250862211, 6.888098508483505 ], [ 81.194695002928356, 6.888477844294526 ], [ 81.194422501498494, 6.888750658732687 ], [ 81.193900890085942, 6.888928884359662 ], [ 81.193236840764214, 6.888953173991665 ], [ 81.192821786352937, 6.88894168804481 ], [ 81.192702836994471, 6.888527008410754 ], [ 81.19237039433439, 6.888065112795782 ], [ 81.1922041589754, 6.887816387489146 ], [ 81.191623097630952, 6.887816898213591 ], [ 81.191089649847186, 6.888018833102349 ], [ 81.190698728862841, 6.888481363703158 ], [ 81.190343434457631, 6.889003120118245 ], [ 81.18984606547717, 6.889785721811087 ], [ 81.189538173342385, 6.890271880861916 ], [ 81.189265615433527, 6.890485437531172 ] ], [ [ 81.196899973756928, 6.887705575874715 ], [ 81.196307878985706, 6.88834654486821 ], [ 81.195718470162674, 6.88933026098223 ], [ 81.195718844438005, 6.889751628417923 ], [ 81.195606932051916, 6.890341643773439 ], [ 81.195382360105611, 6.890678937902561 ], [ 81.19518582332212, 6.890931933211253 ], [ 81.195130052552855, 6.891437623734873 ], [ 81.1951305759804, 6.892027539350081 ] ], [ [ 81.205066640901521, 6.888438369464299 ], [ 81.205565552040369, 6.888745852601676 ], [ 81.206451226851158, 6.889018935604742 ], [ 81.20699938604578, 6.889060574992808 ], [ 81.207315628588489, 6.889081353818456 ] ], [ [ 81.205066640901521, 6.888438369464299 ], [ 81.204883620138673, 6.888604154892941 ], [ 81.204609886897885, 6.888962567171869 ], [ 81.204357327720601, 6.889426299767031 ], [ 81.204357976976112, 6.890142624470724 ], [ 81.204421641460101, 6.89060607239132 ] ], [ [ 81.207315628588489, 6.889081353818456 ], [ 81.207863228025715, 6.888512008950638 ], [ 81.208242503998989, 6.888300978639356 ], [ 81.208621777966513, 6.888089947495984 ], [ 81.20883259211972, 6.888089754778675 ], [ 81.209528302243356, 6.88811018615167 ] ], [ [ 81.207315628588489, 6.889081353818456 ], [ 81.207463390864064, 6.889291903257017 ], [ 81.207822065975165, 6.889607602018184 ], [ 81.208243929628551, 6.889860038144094 ], [ 81.208750156655569, 6.890154532770032 ] ], [ [ 81.156160172487844, 6.889797460532545 ], [ 81.155787486349553, 6.889633052554356 ], [ 81.155585787915726, 6.889502852636054 ], [ 81.155206251021269, 6.889420199948539 ], [ 81.154672496848065, 6.889266564460067 ], [ 81.154387854478088, 6.889219388932458 ], [ 81.154043874521719, 6.889113003696687 ], [ 81.153652450449897, 6.888994807586164 ], [ 81.15254920017405, 6.888474240936491 ], [ 81.152027031032205, 6.887976912822295 ], [ 81.151623713585352, 6.887811319252406 ], [ 81.151161139647797, 6.88769317422804 ], [ 81.150568030463617, 6.887456623661257 ], [ 81.150247721738765, 6.887290963644074 ], [ 81.150019019413378, 6.88706928499021 ] ], [ [ 81.156160172487844, 6.889797460532545 ], [ 81.155928247164724, 6.889920405992571 ], [ 81.155506792363198, 6.89014547587951 ], [ 81.154944816786582, 6.890398748079948 ] ], [ [ 81.216002163369751, 6.890084641420113 ], [ 81.215643443672789, 6.889726812649412 ], [ 81.215327122367682, 6.889621763578912 ], [ 81.214884408568821, 6.889622174285833 ], [ 81.214020378855892, 6.889960068303092 ], [ 81.213219375481742, 6.890066150091958 ], [ 81.212629227215132, 6.89021417485425 ], [ 81.211743683288475, 6.89008858130048 ], [ 81.211279675858236, 6.889857255723587 ], [ 81.210984204347085, 6.889499365046668 ], [ 81.210773194196705, 6.889288874350435 ], [ 81.210309284762943, 6.889162891057893 ] ], [ [ 81.216002163369751, 6.890084641420113 ], [ 81.21566505449286, 6.890295636922105 ], [ 81.215243657901439, 6.89054884920491 ], [ 81.214611618869796, 6.890991872322007 ], [ 81.214021921342194, 6.891624467527743 ], [ 81.213832419634585, 6.891877463951825 ], [ 81.213516409295266, 6.892109508752393 ], [ 81.213115994873434, 6.892257356559194 ], [ 81.21195636563651, 6.892110948785326 ], [ 81.211576896014435, 6.892111298292987 ], [ 81.211281810387376, 6.892174774461339 ], [ 81.21062843366677, 6.892343923124057 ] ], [ [ 81.154944816786582, 6.890398748079948 ], [ 81.15484847347291, 6.890993947441015 ], [ 81.154792346203365, 6.891106357244899 ], [ 81.154483574860606, 6.891640340966727 ], [ 81.154174645241113, 6.891977684984625 ], [ 81.153781343211989, 6.892258913619376 ], [ 81.1535566267804, 6.892455731282826 ], [ 81.153275670584321, 6.892624504911177 ], [ 81.153107241032316, 6.892905553381039 ], [ 81.153023205793062, 6.893270808193435 ], [ 81.152995454473938, 6.893720291267912 ], [ 81.153108184235208, 6.894085388986327 ], [ 81.153108386371827, 6.894338211170117 ], [ 81.153108745745541, 6.894787673988771 ], [ 81.153109105141453, 6.895237134591181 ], [ 81.153081310622923, 6.895630435543218 ], [ 81.152884904019373, 6.896080055447737 ] ], [ [ 81.154944816786582, 6.890398748079948 ], [ 81.154635730500772, 6.89053945337126 ], [ 81.154270379352496, 6.890624019730217 ], [ 81.153904962785035, 6.890624312116975 ], [ 81.153398934133563, 6.890540442795542 ], [ 81.15294905572847, 6.890372252720242 ], [ 81.15249933339318, 6.890400702891365 ], [ 81.151993593899732, 6.89068201908437 ], [ 81.151740770867747, 6.890878860480401 ], [ 81.151375619954834, 6.891216247487194 ], [ 81.151038802804123, 6.891834525251136 ], [ 81.15072989282136, 6.892199958236907 ], [ 81.150364630387074, 6.892396888150978 ], [ 81.15005569724832, 6.892734229129583 ], [ 81.149831114757404, 6.893099594798553 ], [ 81.149747075295053, 6.893464848620225 ], [ 81.14955066791012, 6.893914467316121 ], [ 81.149438496935034, 6.894251652266666 ], [ 81.149270153465181, 6.894645064308389 ], [ 81.149045523430075, 6.894954246991006 ], [ 81.148848981556185, 6.895235316321703 ], [ 81.14848378092826, 6.895516518676848 ], [ 81.148090516821156, 6.895853923394558 ], [ 81.147781424825212, 6.895994625074861 ], [ 81.147500419559279, 6.89610721117282 ], [ 81.146882367267381, 6.896557160552533 ], [ 81.146517188164935, 6.896866452569917 ], [ 81.146011440913213, 6.897147762915996 ] ], [ [ 81.189265615433527, 6.890485437531172 ], [ 81.188874317814239, 6.890521332433845 ], [ 81.188411756972158, 6.89042692772057 ], [ 81.188067850454729, 6.89041537567251 ], [ 81.187569941512479, 6.890581724389307 ], [ 81.187320956492869, 6.890629344307431 ], [ 81.186846474127918, 6.890463843735011 ], [ 81.186098918732782, 6.889919345221308 ], [ 81.185422495863051, 6.88935108302479 ], [ 81.184713497894037, 6.888410392435117 ], [ 81.184080342253978, 6.887589268660752 ], [ 81.183526418488356, 6.886973494379897 ], [ 81.182846077373995, 6.886436834386065 ], [ 81.18226061829948, 6.885915891703468 ] ], [ [ 81.189265615433527, 6.890485437531172 ], [ 81.189159666089139, 6.891182047078585 ], [ 81.189103939677182, 6.891743921341282 ], [ 81.189469724966415, 6.892164969720705 ], [ 81.189638675057182, 6.892501916617046 ], [ 81.189779612927737, 6.89295125448487 ], [ 81.189751799563581, 6.893288373461233 ], [ 81.190033185904639, 6.893625221754776 ], [ 81.190455289724696, 6.894158586405741 ], [ 81.190539864956691, 6.894439422752153 ], [ 81.190708740999824, 6.894692096394586 ], [ 81.190877643017117, 6.894972860878871 ], [ 81.190934034082758, 6.89516945070356 ] ], [ [ 81.204421641460101, 6.89060607239132 ], [ 81.205349386652102, 6.890773777891009 ], [ 81.205876581029727, 6.890941847297329 ], [ 81.206488253858438, 6.891278385111214 ], [ 81.206804766795159, 6.891594122920051 ], [ 81.206868320848201, 6.891931158966994 ], [ 81.206889632729599, 6.892183960822613 ], [ 81.206826676380402, 6.892500044053588 ], [ 81.206721555044226, 6.892816165673472 ], [ 81.206637478193826, 6.893090131514144 ], [ 81.206511218744339, 6.893343065506977 ] ], [ [ 81.204421641460101, 6.89060607239132 ], [ 81.204422271821826, 6.891301329038556 ], [ 81.204275235832966, 6.891891377561345 ], [ 81.204191327880864, 6.892354957402039 ], [ 81.204276515533039, 6.893302957697469 ], [ 81.204382305693471, 6.893724231330824 ], [ 81.204466957304277, 6.894082317225638 ], [ 81.204383031834723, 6.894524828504341 ] ], [ [ 81.219867412377255, 6.891798687708222 ], [ 81.219692543385946, 6.891261023241504 ], [ 81.219396967807597, 6.890797797277202 ], [ 81.219101568897159, 6.890524184507622 ], [ 81.218363455600155, 6.890250986049924 ], [ 81.217245916990223, 6.890020276805062 ], [ 81.216571424771956, 6.890147316424567 ], [ 81.216128711112958, 6.890147728314785 ], [ 81.216002163369751, 6.890084641420113 ] ], [ [ 81.219867412377255, 6.891798687708222 ], [ 81.219630265764138, 6.891822611364166 ], [ 81.219251041291272, 6.892083689110637 ], [ 81.219049692707245, 6.892344598408584 ], [ 81.218872038512799, 6.892581783620802 ], [ 81.218599482421368, 6.892783504530518 ], [ 81.218350676216218, 6.893020756124058 ], [ 81.217983242809595, 6.893210713659983 ], [ 81.217603847946975, 6.893294026306683 ], [ 81.2167974410483, 6.893259224750944 ], [ 81.216334915644211, 6.893212250684534 ], [ 81.215979294105608, 6.893354794816006 ], [ 81.21555252282235, 6.893497402601611 ], [ 81.215279810998155, 6.893533208958187 ], [ 81.214995382453836, 6.893723087207618 ], [ 81.214770237398866, 6.893901060219243 ], [ 81.214616340814771, 6.894185627316145 ] ], [ [ 81.221337900266676, 6.891844710951713 ], [ 81.221136407871967, 6.891951558474659 ], [ 81.220709514786435, 6.891963811576576 ], [ 81.220353697319894, 6.891893039223254 ], [ 81.219867412377255, 6.891798687708222 ] ], [ [ 81.221337900266676, 6.891844710951713 ], [ 81.221765250908518, 6.892318344583736 ], [ 81.221872155097131, 6.892507860130405 ], [ 81.221990996343465, 6.892780319955381 ], [ 81.222133556773542, 6.893052757927487 ], [ 81.222276148738857, 6.893360746617407 ], [ 81.222300144855993, 6.893656999259171 ] ], [ [ 81.1951305759804, 6.892027539350081 ], [ 81.19501868907544, 6.892645645491085 ], [ 81.195103490979918, 6.893179304546122 ], [ 81.195160232569606, 6.893769170286745 ] ], [ [ 81.1951305759804, 6.892027539350081 ], [ 81.194653173198773, 6.892533604957844 ], [ 81.194175642831169, 6.892899213401799 ], [ 81.193585653063252, 6.893236829254507 ], [ 81.193248566169856, 6.893489948519472 ], [ 81.1931365524906, 6.893967597047032 ] ], [ [ 81.206511218744339, 6.893343065506977 ], [ 81.206321674406894, 6.893553922660804 ], [ 81.206258564026299, 6.893701459564848 ] ], [ [ 81.206511218744339, 6.893343065506977 ], [ 81.207017429424269, 6.893616493755219 ], [ 81.207418213319386, 6.893868949585051 ], [ 81.20786125896457, 6.894226707666899 ], [ 81.208240884698355, 6.894394908328921 ], [ 81.208768180493536, 6.894668313651056 ], [ 81.208958147323358, 6.89492096094425 ], [ 81.209169159371683, 6.895131452285838 ], [ 81.209443455202759, 6.895384021548991 ] ], [ [ 81.222300144855993, 6.893656999259171 ], [ 81.22225301387968, 6.893977019156542 ], [ 81.222134698055072, 6.894261552621715 ], [ 81.222194312908954, 6.894605173105569 ], [ 81.222218703069245, 6.895316206973354 ], [ 81.222147886908516, 6.8956718016527 ], [ 81.221828099139373, 6.896086886459099 ], [ 81.221448917448839, 6.896395369098098 ], [ 81.221152677519044, 6.89663266682166 ], [ 81.220773282344183, 6.896715979904996 ], [ 81.220263487711776, 6.896846820525951 ], [ 81.219777263929032, 6.89682357523801 ], [ 81.219658645403399, 6.896788133520753 ], [ 81.219374130116307, 6.896883208233352 ], [ 81.219148929256178, 6.89700192682298 ] ], [ [ 81.222300144855993, 6.893656999259171 ], [ 81.222561400456698, 6.894047832536065 ], [ 81.222929204554617, 6.894248950977372 ], [ 81.223344598725305, 6.894615938504441 ], [ 81.223558276484823, 6.894852755133472 ], [ 81.223772098267915, 6.895243634153226 ], [ 81.224057085825919, 6.89564629572236 ], [ 81.224377636152994, 6.896037073293427 ], [ 81.224816693688666, 6.896344780444063 ], [ 81.224982883205442, 6.896522388234244 ], [ 81.225066106473719, 6.896747476707791 ], [ 81.225113754027163, 6.896972598393026 ], [ 81.224983491518387, 6.897162337671351 ], [ 81.224770262394699, 6.897399558730529 ], [ 81.224485768818553, 6.897518338237137 ], [ 81.224308025700822, 6.897660717652133 ], [ 81.224047339951127, 6.897874282147859 ], [ 81.223798805515656, 6.898395958035723 ], [ 81.223787249572283, 6.898715944291945 ], [ 81.223692683976196, 6.899036010260616 ], [ 81.223586249288672, 6.8993442346132 ], [ 81.223373097683051, 6.89966441113334 ], [ 81.22315997892369, 6.900020142746332 ], [ 81.222911206912627, 6.900292948602992 ], [ 81.22246069075733, 6.900411883419642 ], [ 81.221939022192032, 6.900530885511655 ], [ 81.221535907482576, 6.900614223410961 ], [ 81.221239519792121, 6.900697457139792 ], [ 81.220883838668499, 6.900780750370114 ], [ 81.220694177967303, 6.900863884955621 ], [ 81.220397868050284, 6.901030076415703 ] ], [ [ 81.206258564026299, 6.893701459564848 ], [ 81.206068999701614, 6.893891246415856 ], [ 81.205731691724338, 6.893891553026781 ], [ 81.205310114455514, 6.893955141089684 ], [ 81.204994079166283, 6.894166112018036 ], [ 81.204952107124058, 6.894376834788255 ], [ 81.205015715584636, 6.894777076237996 ], [ 81.205015868695767, 6.894945621975272 ], [ 81.204973877478579, 6.895135276734184 ], [ 81.204952910839793, 6.895261705023375 ], [ 81.204868679538649, 6.895367124878879 ] ], [ [ 81.206258564026299, 6.893701459564848 ], [ 81.20630095712788, 6.893954240608216 ], [ 81.20659619834862, 6.894059314774092 ], [ 81.207186719061411, 6.894311595782495 ], [ 81.207397824098166, 6.894627429102901 ], [ 81.207545705995855, 6.894964390236908 ], [ 81.207609355230403, 6.895406767746939 ] ], [ [ 81.190934034082758, 6.89516945070356 ], [ 81.191348655728746, 6.895183132304362 ], [ 81.191712444153112, 6.895325024002474 ], [ 81.192012958187902, 6.895435369285889 ], [ 81.19229760451158, 6.895482521955777 ], [ 81.192598076374608, 6.895545461964096 ], [ 81.192914374364449, 6.8956241898301 ], [ 81.193151657675372, 6.895750392145136 ], [ 81.193183294747769, 6.895766164025231 ] ], [ [ 81.190934034082758, 6.89516945070356 ], [ 81.19082174456814, 6.895338095989393 ], [ 81.190681371885759, 6.895534858485003 ], [ 81.190625277504722, 6.895675362936339 ], [ 81.190569404588913, 6.896068690593935 ], [ 81.190485297668104, 6.896321583904837 ], [ 81.19020430373979, 6.896434196773735 ] ], [ [ 81.207609355230403, 6.895406767746939 ], [ 81.207862819460104, 6.895933246185169 ], [ 81.208115975243871, 6.896122629264029 ], [ 81.208495795575871, 6.896501512359816 ], [ 81.2088548053907, 6.897175371895557 ], [ 81.209129353580209, 6.897701830724438 ], [ 81.209214028929424, 6.898080983445917 ] ], [ [ 81.207609355230403, 6.895406767746939 ], [ 81.207335502879616, 6.895638770274842 ], [ 81.207209262460665, 6.895912772447505 ], [ 81.2072306523484, 6.896249848993671 ], [ 81.207378397758191, 6.896439328600426 ], [ 81.207568404821842, 6.896734112982946 ], [ 81.207800768437721, 6.897239542629048 ], [ 81.207885365546502, 6.897534422562388 ], [ 81.20790671694914, 6.897829358606995 ], [ 81.207928146053121, 6.898208571608627 ], [ 81.207970502573829, 6.898419215273659 ], [ 81.207991854105003, 6.898714153505503 ], [ 81.208034289506358, 6.899009071906331 ] ], [ [ 81.152884904019373, 6.896080055447737 ], [ 81.152857018942953, 6.896360989997003 ], [ 81.152604326382416, 6.896726380433517 ] ], [ [ 81.152884904019373, 6.896080055447737 ], [ 81.153475402796872, 6.896332404375523 ], [ 81.153559887402068, 6.896528977008217 ], [ 81.153588266968768, 6.896866050902764 ], [ 81.154038220491501, 6.897118513102053 ], [ 81.154403642579979, 6.897118220338676 ], [ 81.154881591867678, 6.897230201775908 ], [ 81.155190817851121, 6.897258045109671 ], [ 81.155359678629523, 6.897510731695633 ], [ 81.155500473478696, 6.897819623431348 ], [ 81.155781771764467, 6.898072219986413 ], [ 81.156175439571641, 6.898240449956866 ], [ 81.156400383561902, 6.898324544093812 ] ], [ [ 81.19020430373979, 6.896434196773735 ], [ 81.190591083503847, 6.896748127842604 ], [ 81.190907437616048, 6.896890061699643 ], [ 81.191128977892816, 6.897095283374883 ], [ 81.191413876070456, 6.897426861475151 ], [ 81.191651145485594, 6.897537262497192 ], [ 81.192030649938289, 6.897568531997398 ], [ 81.192346877861439, 6.897568253480438 ], [ 81.192821207974859, 6.89755203386529 ], [ 81.193295538579235, 6.897535813228375 ], [ 81.193595913976949, 6.897488144620164 ] ], [ [ 81.19020430373979, 6.896434196773735 ], [ 81.1900076885224, 6.896602915241898 ], [ 81.189832160228306, 6.896780394313489 ], [ 81.189753407566528, 6.897128093267863 ], [ 81.189753823179331, 6.897602132394704 ], [ 81.189722464806565, 6.897902384896602 ] ], [ [ 81.152604326382416, 6.896726380433517 ], [ 81.153082568681256, 6.897203551151682 ], [ 81.15330764659717, 6.897456194167109 ], [ 81.153307938871137, 6.897821381030376 ], [ 81.153392739112135, 6.898411232113562 ], [ 81.153477359627971, 6.898776352072664 ], [ 81.153533870520207, 6.89914149449146 ], [ 81.153534185541531, 6.899534772358742 ], [ 81.153506458826797, 6.900012348584226 ], [ 81.153506931393309, 6.900602267018896 ], [ 81.153535445813802, 6.90110788762648 ], [ 81.153592047726917, 6.901585396340135 ], [ 81.153676670747913, 6.901950516174704 ], [ 81.153873707884401, 6.902287454342868 ], [ 81.154126943256358, 6.902596256312923 ], [ 81.154323937530847, 6.902877012186677 ] ], [ [ 81.152604326382416, 6.896726380433517 ], [ 81.152099008458677, 6.897541431883393 ], [ 81.151846314167486, 6.89790682251924 ], [ 81.151706034890424, 6.898244028636033 ], [ 81.151622065009391, 6.89869355857891 ], [ 81.151397658546543, 6.899283656117481 ], [ 81.151313800102812, 6.899873641796548 ], [ 81.151173745254241, 6.900491763209883 ], [ 81.151118152294245, 6.901278364919246 ], [ 81.151090443853533, 6.901784032153962 ], [ 81.151147514353909, 6.902851458158862 ], [ 81.15131666454505, 6.903469333540249 ], [ 81.151485682494837, 6.903918659815192 ], [ 81.151711052653013, 6.90453649076723 ], [ 81.151880116247696, 6.905042001125919 ], [ 81.15196487109958, 6.905575669684768 ] ], [ [ 81.146011440913213, 6.897147762915996 ], [ 81.145533711880873, 6.897316684820227 ], [ 81.145393539379199, 6.897794349078457 ], [ 81.145337539537266, 6.898075307073114 ], [ 81.145141016211937, 6.898384466096738 ], [ 81.144775724655645, 6.898553298790082 ] ], [ [ 81.146011440913213, 6.897147762915996 ], [ 81.146196003829871, 6.897518007634415 ], [ 81.146308772014578, 6.897939289265809 ], [ 81.146309169313156, 6.898444935051457 ], [ 81.146309522492203, 6.898894397595058 ], [ 81.146534796638889, 6.899399864605261 ], [ 81.146591302909982, 6.899765008121913 ], [ 81.146844620784563, 6.900186180769921 ], [ 81.147069741297628, 6.900495008917683 ], [ 81.147632200131682, 6.900831660730414 ], [ 81.148110418224931, 6.90128074699748 ], [ 81.148420046427447, 6.901814239078744 ], [ 81.148701477018477, 6.902235387258365 ], [ 81.149010906327888, 6.902516056098241 ], [ 81.149348512243961, 6.902880976715421 ], [ 81.149601767985473, 6.903217872270752 ], [ 81.149826869457499, 6.903498607856873 ], [ 81.150165122302653, 6.904678177496407 ] ], [ [ 81.189722464806565, 6.897902384896602 ], [ 81.189453322582054, 6.897507587201736 ], [ 81.189216122254791, 6.897476193422256 ], [ 81.188804995790335, 6.897444949296501 ], [ 81.188314853784092, 6.897461178720921 ], [ 81.188172550847241, 6.897461302876033 ], [ 81.187808846037001, 6.897414215051123 ], [ 81.187745558744439, 6.897366866906686 ], [ 81.187476762866808, 6.897367101063866 ], [ 81.187049909143909, 6.897430677922958 ], [ 81.186528321896617, 6.897652349218018 ], [ 81.186069871388, 6.897747556169184 ], [ 81.185706219142716, 6.897763673134702 ], [ 81.185342514784821, 6.897716585085962 ], [ 81.18504201427001, 6.897622037069086 ], [ 81.184694119479687, 6.897574934828017 ], [ 81.184441137222677, 6.897575153603094 ], [ 81.184109123018317, 6.897607041813371 ] ], [ [ 81.189722464806565, 6.897902384896602 ], [ 81.190165601621075, 6.898376036121327 ], [ 81.19046631164106, 6.898707600902026 ], [ 81.190545521540272, 6.898881346373652 ], [ 81.190609017581508, 6.899165713635755 ] ], [ [ 81.209214028929424, 6.898080983445917 ], [ 81.209277757648195, 6.898607635291734 ], [ 81.209215169715819, 6.899324016675421 ], [ 81.209026012686323, 6.899956241437874 ] ], [ [ 81.209214028929424, 6.898080983445917 ], [ 81.209530122703868, 6.897933215905514 ], [ 81.209909713246219, 6.898059277348701 ], [ 81.210310484675531, 6.898290661826782 ], [ 81.210437286062785, 6.898627638976885 ], [ 81.210690541287832, 6.898922363779458 ], [ 81.210648628050862, 6.899196291401659 ], [ 81.210670138722023, 6.899659774971959 ], [ 81.210691492019521, 6.899954712406982 ], [ 81.210839415234943, 6.900333806518472 ] ], [ [ 81.144775724655645, 6.898553298790082 ], [ 81.144783987767198, 6.8981364111152 ], [ 81.144530672288965, 6.897715237181112 ], [ 81.14410884999252, 6.897483813680369 ], [ 81.143602665607986, 6.897210316934394 ], [ 81.143286270213736, 6.896999877050667 ], [ 81.142864334325409, 6.896620971875109 ], [ 81.142315954873411, 6.896305369544366 ], [ 81.142083904757627, 6.896115932062201 ], [ 81.141788559693396, 6.895863337851488 ], [ 81.141577528502964, 6.895589612164939 ], [ 81.141387495333504, 6.895210525314347 ], [ 81.14111316810542, 6.894873639396726 ], [ 81.140881135469996, 6.89470527108854 ], [ 81.140585857637845, 6.894536949851867 ], [ 81.140353827002315, 6.894368581817175 ], [ 81.140079533527086, 6.894073833243298 ], [ 81.13984733905302, 6.893694778725412 ], [ 81.139636179420762, 6.893252500529195 ], [ 81.139319642261228, 6.892852441905335 ], [ 81.139003154292155, 6.892515588689769 ], [ 81.13874997720383, 6.892262959940996 ], [ 81.138032627773327, 6.891526111411435 ], [ 81.137484160373916, 6.891084091099055 ], [ 81.137483595250345, 6.890346691819211 ], [ 81.137419912934988, 6.889777889187431 ], [ 81.137208660638265, 6.889209201046888 ], [ 81.136807511746056, 6.888429969185339 ], [ 81.135709961164025, 6.886724252682181 ], [ 81.135752108191809, 6.886703152387234 ], [ 81.135692361268951, 6.886341353560931 ] ], [ [ 81.144775724655645, 6.898553298790082 ], [ 81.144960309237916, 6.898951637262689 ], [ 81.14481989444451, 6.899120294107775 ], [ 81.144454712045331, 6.899429584692142 ], [ 81.143864520556036, 6.899570503446195 ] ], [ [ 81.144775724655645, 6.898553298790082 ], [ 81.14460704466353, 6.898525339503776 ], [ 81.144213511872607, 6.898525646763228 ], [ 81.143904263385835, 6.898469705810098 ], [ 81.143510796333288, 6.898554285707293 ], [ 81.143145548334672, 6.898779302097268 ], [ 81.14278034316294, 6.899060500374352 ], [ 81.142555575701962, 6.899201131073828 ], [ 81.142134170923924, 6.899510463643598 ], [ 81.141403736556668, 6.900044767418048 ], [ 81.14109474855988, 6.900325920390307 ], [ 81.140870262855188, 6.90083173823877 ], [ 81.14070195362568, 6.901281332021717 ], [ 81.14039307309973, 6.901702941090853 ], [ 81.14005603916965, 6.902068389524215 ], [ 81.139522256913438, 6.902462080564556 ], [ 81.139241332384813, 6.90268702861357 ], [ 81.138819816318374, 6.902855902521112 ], [ 81.138370233680732, 6.90308097818942 ], [ 81.138005130332473, 6.903502630718108 ], [ 81.137752444055408, 6.903896103978932 ], [ 81.137499648959121, 6.90414912114205 ], [ 81.13696581966785, 6.904486626795989 ], [ 81.135841766584079, 6.904936947868005 ] ], [ [ 81.198452253780857, 6.898788246650781 ], [ 81.198599678198747, 6.89861956663173 ], [ 81.198620495699558, 6.89832458991165 ], [ 81.198493514523776, 6.897776926627889 ], [ 81.198071139029807, 6.896955635415107 ], [ 81.197944158383137, 6.896407969685447 ], [ 81.198238570544945, 6.8955860397908 ], [ 81.198512088269808, 6.894974811079131 ], [ 81.198722358238825, 6.894363639339016 ], [ 81.198785001763767, 6.893689394296067 ], [ 81.198847548653148, 6.892909806334097 ], [ 81.198931422535736, 6.892404090505874 ], [ 81.198698806803577, 6.891603697765273 ], [ 81.198634940324894, 6.890908497661275 ], [ 81.198929121628183, 6.889833746642092 ], [ 81.199076277019699, 6.889370108636434 ], [ 81.199138995271312, 6.888780136709302 ], [ 81.199117328839392, 6.888127037177725 ], [ 81.198948223740217, 6.887621545753462 ] ], [ [ 81.198452253780857, 6.898788246650781 ], [ 81.199325258021162, 6.899215153573904 ], [ 81.199859864993186, 6.899804589850967 ], [ 81.200591367433304, 6.900534304110845 ] ], [ [ 81.190609017581508, 6.899165713635755 ], [ 81.190261233999124, 6.899245024939794 ], [ 81.189961217533934, 6.899703525910682 ], [ 81.189518949987331, 6.90022535822976 ], [ 81.189250597204975, 6.900731236029116 ], [ 81.188871410054702, 6.901063393968391 ], [ 81.188254990848236, 6.901332555695618 ], [ 81.187891531462142, 6.901569892607719 ] ], [ [ 81.190609017581508, 6.899165713635755 ], [ 81.190846692316555, 6.899734352577407 ], [ 81.190926026520302, 6.900050309330662 ], [ 81.19083157538013, 6.900524432209603 ], [ 81.190689756129572, 6.901077602857405 ], [ 81.190484594567565, 6.901520218853328 ], [ 81.190374162753912, 6.901804740930237 ], [ 81.190042550235958, 6.902294872637554 ] ], [ [ 81.143864520556036, 6.899570503446195 ], [ 81.143443095017858, 6.899851743858946 ], [ 81.143218504236373, 6.90021710841961 ], [ 81.143078261354759, 6.900610496687644 ], [ 81.142825537065875, 6.900947790234187 ], [ 81.142544616711888, 6.901172740110716 ], [ 81.142348307182829, 6.901762810499382 ], [ 81.142123713055241, 6.902128174609832 ], [ 81.141955230003575, 6.902353035216422 ], [ 81.141758701137448, 6.902662193005099 ], [ 81.141477843029165, 6.902971416094807 ], [ 81.141421820265919, 6.903224282097734 ], [ 81.141309621465382, 6.903533374910575 ], [ 81.141281860097251, 6.903982859395752 ], [ 81.141338450303849, 6.90446036849587 ] ], [ [ 81.143864520556036, 6.899570503446195 ], [ 81.143696278703004, 6.900104369692157 ], [ 81.143865200505743, 6.900441334352688 ], [ 81.144118538945037, 6.900890600166155 ], [ 81.144737281067719, 6.901311486998884 ], [ 81.145074859303676, 6.901648319818474 ], [ 81.145581120932832, 6.902013110744748 ], [ 81.145918614217337, 6.902237578100862 ], [ 81.146199932548086, 6.902518270900101 ], [ 81.146312503374233, 6.902686731742461 ], [ 81.146650175435781, 6.903135928095832 ], [ 81.146931647957601, 6.903613258900496 ], [ 81.147156925251679, 6.904118727568816 ], [ 81.147269585406363, 6.904399552352268 ], [ 81.147522818438659, 6.904708357973014 ], [ 81.147719920798494, 6.905129573077825 ], [ 81.147888867323118, 6.905494627046072 ], [ 81.148057905129946, 6.905972047892112 ], [ 81.148086370563007, 6.906421486911289 ], [ 81.148199209564595, 6.906927043087039 ], [ 81.148340071324967, 6.90732021060862 ], [ 81.148424934481824, 6.907994335722671 ] ], [ [ 81.200591367433304, 6.900534304110845 ], [ 81.20112572378855, 6.900842826723193 ], [ 81.20157557759606, 6.900954785816617 ], [ 81.20213761285406, 6.900785732731403 ] ], [ [ 81.200591367433304, 6.900534304110845 ], [ 81.200619855789682, 6.900955645815481 ], [ 81.201014045839401, 6.901685663420226 ], [ 81.201239226611648, 6.902022553128059 ], [ 81.201436726436199, 6.902837021069562 ], [ 81.201156795883293, 6.90412946794119 ], [ 81.200595185783286, 6.904776070409889 ] ], [ [ 81.20213761285406, 6.900785732731403 ], [ 81.20258688265659, 6.900251594306112 ], [ 81.202979880267975, 6.899661324029857 ], [ 81.203232687216627, 6.899464458199191 ], [ 81.203541864737858, 6.899436085468827 ], [ 81.204244802251452, 6.899660179344092 ], [ 81.205088109179016, 6.899687505216026 ], [ 81.205931312643841, 6.899602465620188 ] ], [ [ 81.20213761285406, 6.900785732731403 ], [ 81.202475689857309, 6.901628162067281 ], [ 81.20317883376083, 6.902076986984056 ], [ 81.203572468465026, 6.902188994927287 ] ], [ [ 81.187891531462142, 6.901569892607719 ], [ 81.187622719427665, 6.901554325536169 ], [ 81.187385545254941, 6.901554532216399 ], [ 81.187053612908812, 6.901681231346081 ], [ 81.186832413953823, 6.901871040340874 ], [ 81.186437315535116, 6.902092602266602 ], [ 81.186105382532546, 6.902219302427011 ], [ 81.185646774917174, 6.90214069375318 ], [ 81.185219765770768, 6.902030453753303 ], [ 81.184935223914891, 6.902109707077964 ], [ 81.184476891960145, 6.902347123676788 ], [ 81.184318788835569, 6.902363062461182 ], [ 81.183623158547462, 6.902458471851987 ] ], [ [ 81.187891531462142, 6.901569892607719 ], [ 81.187496586051267, 6.90196527024735 ], [ 81.187433587668821, 6.902249748201786 ], [ 81.187402184680366, 6.902502597346115 ], [ 81.187386565340034, 6.902723829253935 ], [ 81.187260376376216, 6.903071568654665 ] ], [ [ 81.203572468465026, 6.902188994927287 ], [ 81.204275308117943, 6.902300722285667 ], [ 81.204950217614339, 6.902609112862399 ], [ 81.205484810748487, 6.90317045123194 ], [ 81.205991014147813, 6.903422811838506 ] ], [ [ 81.203572468465026, 6.902188994927287 ], [ 81.203713575465315, 6.90280687323073 ], [ 81.203460871084687, 6.903116105033781 ], [ 81.203123910396428, 6.903509686132777 ], [ 81.203208876647452, 6.904211888539949 ], [ 81.203124953504826, 6.904661424655993 ], [ 81.203068963739213, 6.904914296555994 ], [ 81.203125436955375, 6.905195155400323 ], [ 81.203013202324485, 6.905419987289392 ], [ 81.203154082985961, 6.905785046279291 ], [ 81.203463723033025, 6.906262315399239 ], [ 81.20371706607466, 6.906655362096665 ], [ 81.203998470252444, 6.906992200879446 ], [ 81.204279874833389, 6.907329040018551 ], [ 81.204561254277124, 6.907637787559221 ], [ 81.204674306120737, 6.908311873032416 ], [ 81.205096415633179, 6.908817131199283 ], [ 81.205687031283148, 6.909153687556267 ], [ 81.205884260984647, 6.909659149614725 ], [ 81.205969130408889, 6.910248987105549 ], [ 81.205969796889633, 6.91097935672743 ], [ 81.205942300739565, 6.911653569162267 ], [ 81.206055177969404, 6.912131015372689 ], [ 81.206224170823432, 6.91249604635251 ], [ 81.206646491903172, 6.913226032175779 ] ], [ [ 81.205991014147813, 6.903422811838506 ], [ 81.206468876372256, 6.903422376545573 ], [ 81.206778030470403, 6.903365912382839 ], [ 81.207255996975121, 6.903477840238561 ], [ 81.207565510808095, 6.903814651254145 ], [ 81.207903004127942, 6.904010982119707 ], [ 81.208268404941933, 6.903982556403498 ], [ 81.208914771484359, 6.903813416434516 ], [ 81.209505228201778, 6.903981422780681 ], [ 81.210292399289955, 6.90409306360247 ] ], [ [ 81.205991014147813, 6.903422811838506 ], [ 81.206300680868821, 6.903928171586741 ], [ 81.20635725889916, 6.904321396100213 ], [ 81.206779236345284, 6.904686195982805 ], [ 81.206948151935578, 6.904966953861121 ], [ 81.206976774770737, 6.905528751723474 ], [ 81.207201933674583, 6.905837549001206 ], [ 81.207483339669494, 6.90617438561497 ], [ 81.207596036776948, 6.906455194565016 ], [ 81.207877340499948, 6.906679665331246 ], [ 81.208130533348495, 6.906904163852974 ], [ 81.208243617367003, 6.907606339030809 ] ], [ [ 81.141338450303849, 6.90446036849587 ], [ 81.141872647324433, 6.90460041019275 ], [ 81.142153810275317, 6.904684467361767 ], [ 81.142463215756678, 6.90493704836961 ], [ 81.142744424419547, 6.905077287307706 ], [ 81.142941391449583, 6.905329957094758 ], [ 81.143138378941529, 6.905610715646181 ], [ 81.143138466579643, 6.905723082669721 ], [ 81.143223038764987, 6.906032022007934 ], [ 81.143391960359423, 6.906368986659585 ], [ 81.143476445115567, 6.906565561122602 ], [ 81.143589016045311, 6.906734020923805 ], [ 81.143729653418248, 6.906846276082876 ], [ 81.143898380265128, 6.906930419846315 ], [ 81.144320073683232, 6.906986272628459 ], [ 81.14434820537663, 6.907014342271736 ] ], [ [ 81.141338450303849, 6.90446036849587 ], [ 81.141535545559876, 6.904881585909338 ], [ 81.141423346501057, 6.9051906781924 ], [ 81.141339344146601, 6.905612113504969 ], [ 81.141255298065815, 6.905977368315904 ], [ 81.141227404729776, 6.906258304127768 ], [ 81.14128384375762, 6.906539172921688 ], [ 81.141368347848498, 6.906763838873282 ], [ 81.141481049004497, 6.907100847833846 ] ], [ [ 81.141338450303849, 6.90446036849587 ], [ 81.140973130923939, 6.904601107482084 ], [ 81.140860755716659, 6.904685469955775 ], [ 81.140495544762373, 6.904966666727598 ], [ 81.140242772949989, 6.905247774705807 ], [ 81.140074440049119, 6.905669276670904 ], [ 81.139962283311206, 6.906034551363525 ], [ 81.139878343042383, 6.906540260259694 ], [ 81.139963043673177, 6.907017749477641 ], [ 81.13999134895181, 6.907270550193152 ], [ 81.139991522783205, 6.907495279888734 ], [ 81.139879450865223, 6.907972921063888 ], [ 81.139879668113124, 6.908253835110107 ], [ 81.139823752633376, 6.908647157416737 ], [ 81.139795902924604, 6.908984275311168 ], [ 81.139796120155324, 6.909265189348108 ], [ 81.139852535967705, 6.909517968886827 ], [ 81.139824925816598, 6.910164091868831 ] ], [ [ 81.200595185783286, 6.904776070409889 ], [ 81.200032915678833, 6.904692302481751 ], [ 81.199105270911218, 6.90466504378845 ], [ 81.198543278005403, 6.904890277033087 ], [ 81.198374897878537, 6.905199429250311 ], [ 81.198262835400214, 6.905620899057717 ], [ 81.197981888527494, 6.905789697887746 ], [ 81.197954180823046, 6.906239181466424 ], [ 81.197814110481644, 6.906773039822538 ] ], [ [ 81.200595185783286, 6.904776070409889 ], [ 81.20025875455427, 6.905759564554923 ], [ 81.200119367134008, 6.907051884609497 ], [ 81.199979147462926, 6.907417195481163 ] ], [ [ 81.200595185783286, 6.904776070409889 ], [ 81.200849310391092, 6.906039945664928 ], [ 81.20124340631682, 6.906657596976218 ], [ 81.201693770877782, 6.907331379459694 ], [ 81.201834572861969, 6.907612164601133 ], [ 81.20177901356324, 6.908342584877256 ], [ 81.201976494404207, 6.909128960747944 ] ], [ [ 81.194285303880037, 6.907008635439385 ], [ 81.194432451106778, 6.906523930566295 ], [ 81.194474110624014, 6.905955046456855 ], [ 81.194368344403628, 6.905554840708248 ], [ 81.194473250312754, 6.904985899968345 ], [ 81.19510540071947, 6.904627176877104 ], [ 81.195547865495428, 6.904331825731846 ], [ 81.19603219540582, 6.903699342743011 ], [ 81.196137249191608, 6.903298950373834 ], [ 81.196010418703978, 6.90291983177855 ], [ 81.196094409330172, 6.902540526192512 ], [ 81.19624176006657, 6.902287573591052 ], [ 81.196473287010178, 6.901866000006867 ], [ 81.196557429055702, 6.90165524078444 ], [ 81.196620336770806, 6.901275953344619 ], [ 81.196598785410373, 6.90074926203238 ], [ 81.196556339675965, 6.900433273624855 ], [ 81.196640291978127, 6.900011831347053 ], [ 81.196871894400871, 6.899674530283297 ], [ 81.197103645262914, 6.899505775556533 ], [ 81.197609313672544, 6.899168230375638 ], [ 81.198030746219615, 6.898936101257958 ], [ 81.198452253780857, 6.898788246650781 ] ], [ [ 81.194285303880037, 6.907008635439385 ], [ 81.19480685823612, 6.907337541077452 ], [ 81.195425626730227, 6.907730268102587 ], [ 81.195960113624807, 6.908179252737601 ], [ 81.19635410294984, 6.908684542590878 ], [ 81.196635503476273, 6.909021388146529 ], [ 81.19711377526194, 6.909470419768133 ] ], [ [ 81.192390738310479, 6.91023377761447 ], [ 81.192368817650248, 6.909285718782871 ], [ 81.192431617644047, 6.908780020245423 ], [ 81.192726494702981, 6.908463734184366 ], [ 81.193274413278743, 6.908210430047952 ], [ 81.193780074835047, 6.907851819738609 ], [ 81.194138083264818, 6.90740906539776 ], [ 81.194285303880037, 6.907008635439385 ] ] ] } },
{ "type": "Feature", "properties": { "Id": 0, "Name": "Amurula Oya", "Length": 0 }, "geometry": { "type": "MultiLineString", "coordinates": [ [ [ 81.178426628917123, 6.887629131815607 ], [ 81.177544978670184, 6.887279356560276 ], [ 81.177149087068699, 6.887063984845619 ], [ 81.176798114689802, 6.886794647410611 ], [ 81.176438114017714, 6.886480379465375 ], [ 81.176248826020682, 6.885977221479998 ] ], [ [ 81.178426628917123, 6.887629131815607 ], [ 81.178093995711151, 6.887773219904226 ], [ 81.177626460404241, 6.887917422333468 ], [ 81.176952117191803, 6.888106737536207 ], [ 81.176655508432276, 6.888313708129562 ], [ 81.176430818884569, 6.888484668147791 ], [ 81.176215006691052, 6.888520801991238 ] ], [ [ 81.180745928373, 6.890983796383982 ], [ 81.180812590811755, 6.890790803233132 ], [ 81.180902256031402, 6.890476153880066 ], [ 81.18092012730763, 6.890341322307306 ], [ 81.180892899362334, 6.890053735292656 ], [ 81.180874673686475, 6.889775129456686 ], [ 81.18075755956994, 6.889541546095839 ], [ 81.180442266831605, 6.888930643959864 ], [ 81.180325189406943, 6.88874200103212 ], [ 81.180208091214851, 6.888526393061879 ], [ 81.180018989997251, 6.888247933134583 ], [ 81.179964854559444, 6.888041258543015 ], [ 81.179838708453929, 6.887762744754717 ], [ 81.179676673472116, 6.887583128347482 ], [ 81.179451691563457, 6.887412551147383 ], [ 81.179253769396809, 6.887331830333141 ], [ 81.178957017090909, 6.887368034361501 ], [ 81.178624384242568, 6.887512121144831 ], [ 81.178426628917123, 6.887629131815607 ] ], [ [ 81.180745928373, 6.890983796383982 ], [ 81.180335953513008, 6.890809186618148 ], [ 81.17996710670819, 6.890674685591492 ], [ 81.179580365396959, 6.890648051359013 ], [ 81.178959953642646, 6.890810361250342 ], [ 81.178519458445933, 6.891026444522852 ], [ 81.177728271330494, 6.891305738954569 ], [ 81.177161751615358, 6.891387111221415 ], [ 81.176622134664811, 6.891378579898331 ], [ 81.176334276716631, 6.891297934709336 ], [ 81.175794553287545, 6.891163574531031 ], [ 81.175425829475927, 6.891172873436726 ], [ 81.175120051082331, 6.891173131680432 ], [ 81.174409506184375, 6.891101828100608 ] ], [ [ 81.178925348002011, 6.896274794342179 ], [ 81.178627384404024, 6.896248771602643 ], [ 81.178285543869151, 6.896150195456864 ], [ 81.177934657992992, 6.895988714987343 ], [ 81.177601567629523, 6.89560252106343 ], [ 81.177331463051431, 6.895252226746329 ], [ 81.177016467658362, 6.89499184825397 ], [ 81.175738585662032, 6.894049210079423 ], [ 81.175270496045954, 6.893546289381574 ] ], [ [ 81.178925348002011, 6.896274794342179 ], [ 81.179054361902772, 6.896050172291933 ], [ 81.179341549329209, 6.895339890320558 ], [ 81.179700637908667, 6.894575621718497 ], [ 81.180140659142438, 6.893802293146489 ], [ 81.180392000165128, 6.893244835341855 ], [ 81.180463532780848, 6.892759431949142 ], [ 81.18048095765154, 6.892103306869537 ], [ 81.180525477263231, 6.891581977071767 ], [ 81.18065110887251, 6.891258308092175 ], [ 81.180745928373, 6.890983796383982 ] ], [ [ 81.169646196430648, 6.900309845080255 ], [ 81.169582303780857, 6.899186420428969 ], [ 81.169338964942469, 6.898575452981761 ], [ 81.168843552409285, 6.897659108322812 ], [ 81.168591656273207, 6.89756943981037 ] ], [ [ 81.169646196430648, 6.900309845080255 ], [ 81.168207302204905, 6.900418896865829 ], [ 81.1672360031708, 6.900437678479406 ] ], [ [ 81.1672360031708, 6.900437678479406 ], [ 81.166255547177087, 6.900258733534603 ], [ 81.165679767389022, 6.900034514185961 ], [ 81.164851957415408, 6.899558842228019 ], [ 81.164546079165675, 6.899442251553352 ], [ 81.163889602572382, 6.899514694399877 ], [ 81.16335900744194, 6.899551081307292 ], [ 81.1624593789779, 6.899228256616838 ] ], [ [ 81.1672360031708, 6.900437678479406 ], [ 81.16698456050753, 6.900896265129934 ], [ 81.166840842187028, 6.901112092444474 ], [ 81.166688120428702, 6.901318937718765 ], [ 81.166580508875612, 6.901696516016143 ], [ 81.166490944621472, 6.902145979546587 ], [ 81.166365352858264, 6.902532561031131 ], [ 81.16621269110702, 6.902811309075046 ], [ 81.165934117599008, 6.90309016169889 ], [ 81.165745360068158, 6.903225135749949 ] ], [ [ 81.173442044696642, 6.900935812486195 ], [ 81.173226143874132, 6.900873078548401 ], [ 81.173073221802028, 6.900837256024817 ], [ 81.171499038828983, 6.900488052930667 ], [ 81.170869369618401, 6.900353763647361 ], [ 81.170221827847612, 6.900354304825386 ], [ 81.169646196430648, 6.900309845080255 ] ], [ [ 81.173442044696642, 6.900935812486195 ], [ 81.173243835815796, 6.900522539197361 ], [ 81.173072729809064, 6.900253048798424 ], [ 81.172802670955164, 6.899956678116944 ], [ 81.172568510752384, 6.899570399724353 ], [ 81.172496244470707, 6.899192971413922 ], [ 81.172459944600732, 6.898806526194829 ], [ 81.172522341705246, 6.898141376478822 ] ], [ [ 81.177347589553762, 6.901815989727957 ], [ 81.177368408165734, 6.901731901109108 ], [ 81.177592881863802, 6.901300296953638 ], [ 81.17764662166627, 6.901039605395214 ], [ 81.177592476152043, 6.900823943442036 ], [ 81.177646192949737, 6.900536287985419 ], [ 81.177780874675847, 6.900275527553148 ], [ 81.177816688879375, 6.900086751876488 ], [ 81.177743960132986, 6.899170057710886 ], [ 81.177689508670738, 6.89859488556469 ], [ 81.177868988788688, 6.898136354565776 ], [ 81.178057556832954, 6.89778566868577 ], [ 81.178925348002011, 6.896274794342179 ] ], [ [ 81.177347589553762, 6.901815989727957 ], [ 81.177103178987764, 6.901777569396216 ], [ 81.176896493229478, 6.901975476856394 ], [ 81.176447068554211, 6.902281444234378 ], [ 81.176159387041579, 6.902416505032658 ], [ 81.175907616804096, 6.902479631825373 ], [ 81.175619788026353, 6.902443924439368 ], [ 81.175340855067802, 6.902291368636297 ], [ 81.17508884182773, 6.902066887026852 ], [ 81.174845739383059, 6.90174353094039 ], [ 81.174593710915801, 6.901501073465468 ], [ 81.174350753388993, 6.901348484442349 ], [ 81.174152801613459, 6.901240797942902 ], [ 81.173936847473513, 6.901115150395645 ], [ 81.173442044696642, 6.900935812486195 ] ], [ [ 81.165745360068158, 6.903225135749949 ], [ 81.165268515872057, 6.903009821637635 ], [ 81.164836698712747, 6.902866372325705 ], [ 81.164324059945216, 6.902866794502125 ], [ 81.163865349784317, 6.902831220592287 ], [ 81.163451522709394, 6.902687755204324 ], [ 81.163019684156993, 6.902517341360059 ], [ 81.162632807996303, 6.902337901911564 ], [ 81.162263912639773, 6.902149458505511 ], [ 81.161949052628174, 6.902050850852115 ], [ 81.16161624787172, 6.902006185027077 ], [ 81.161130568250442, 6.901979617169358 ], [ 81.160833754598571, 6.901952896472814 ], [ 81.160177066892146, 6.901773674927641 ], [ 81.159106483891847, 6.901361104584395 ] ], [ [ 81.165745360068158, 6.903225135749949 ], [ 81.16560176519981, 6.903593754682049 ], [ 81.165386110749139, 6.903827616060882 ], [ 81.165197405291167, 6.904025502264866 ], [ 81.164873810564657, 6.904241477419096 ], [ 81.164721212510315, 6.904601116298661 ], [ 81.16466759132409, 6.905014600946529 ], [ 81.164668073349745, 6.905598808654282 ], [ 81.164664074294279, 6.905768382436353 ] ], [ [ 81.164664074294279, 6.905768382436353 ], [ 81.164137582670563, 6.905770013160692 ], [ 81.163310187258304, 6.905806644550437 ], [ 81.162698597682962, 6.905789170801603 ], [ 81.162383719298518, 6.905672587998971 ], [ 81.162023946041259, 6.905645918098339 ], [ 81.161430359364374, 6.90564640357954 ], [ 81.160908809039014, 6.905754683731601 ], [ 81.159982277302234, 6.90553973117571 ], [ 81.1594334899047, 6.905333458160908 ], [ 81.158875700810157, 6.905118203436537 ], [ 81.158182824511542, 6.904678361792066 ] ], [ [ 81.164664074294279, 6.905768382436353 ], [ 81.16465938422995, 6.905967316160024 ], [ 81.164515706242625, 6.906237069086553 ], [ 81.164354018362999, 6.906479872855422 ], [ 81.164174394669018, 6.906785607043941 ], [ 81.164075663870904, 6.907028358904296 ], [ 81.164031101284834, 6.907522725676571 ], [ 81.163941593055569, 6.90804409337415 ], [ 81.163860842078236, 6.908277843155897 ], [ 81.163663170658253, 6.908511687976944 ], [ 81.16344743694205, 6.908655670672941 ], [ 81.163159641863103, 6.908664895458744 ], [ 81.162808810085792, 6.908575305437179 ], [ 81.162583810311943, 6.9083867445164 ], [ 81.162385754638862, 6.90815322294189 ], [ 81.16209783451292, 6.90800965564908 ], [ 81.161818946258464, 6.907911016479455 ], [ 81.160910300341513, 6.907579210476229 ], [ 81.160307664392434, 6.907516788006188 ], [ 81.159596890926267, 6.907193804772412 ], [ 81.158858867808334, 6.906538293743493 ], [ 81.157994984746267, 6.905945796958962 ], [ 81.157365063568392, 6.905505903714823 ], [ 81.157374043303136, 6.90548792028567 ], [ 81.157275003578533, 6.905353183808615 ] ], [ [ 81.177992850669654, 6.90744024490825 ], [ 81.177878376411627, 6.906531353040872 ], [ 81.177764191679685, 6.90596333382175 ], [ 81.177575343776383, 6.904466266509728 ], [ 81.177485122952319, 6.904133793513017 ], [ 81.177484923891598, 6.903900111777551 ], [ 81.177502781107734, 6.903747303105514 ], [ 81.177565544913421, 6.903522555034907 ], [ 81.177565414741679, 6.903369761112119 ], [ 81.177484219574296, 6.903073233213223 ], [ 81.177393992034666, 6.902731774587194 ], [ 81.17733973871978, 6.902390283691122 ], [ 81.177285501349402, 6.902066768341482 ], [ 81.177347589553762, 6.901815989727957 ] ], [ [ 81.177992850669654, 6.90744024490825 ], [ 81.177719414852959, 6.907250618892097 ], [ 81.17747650699512, 6.907160947284666 ], [ 81.177116710011646, 6.907107326651837 ], [ 81.176702995924614, 6.907107678264767 ], [ 81.176379221516555, 6.907107953188132 ], [ 81.176019470440522, 6.907108258402132 ], [ 81.175695602837351, 6.907000678937168 ], [ 81.175398725333139, 6.906902065283475 ], [ 81.174625062614254, 6.906669036101269 ], [ 81.174400112630238, 6.906543397093541 ], [ 81.174139096657598, 6.906309933834942 ], [ 81.173725170655757, 6.90605862432977 ], [ 81.173347313160619, 6.905915137546745 ], [ 81.173077386527751, 6.90578054796062 ], [ 81.172897465990417, 6.905726772618502 ], [ 81.172618637753061, 6.905700042640529 ], [ 81.172303817303842, 6.905655369358929 ], [ 81.172078952031157, 6.90562859538188 ], [ 81.171926028476847, 6.905592772580778 ], [ 81.170540683286362, 6.905225431480629 ], [ 81.169875137704125, 6.905217000376349 ], [ 81.169443462175934, 6.905244325081692 ], [ 81.168472467991151, 6.905640596383422 ], [ 81.168094879832239, 6.905820667424384 ], [ 81.167807228750959, 6.906000662929559 ], [ 81.16751962226958, 6.90623458501504 ], [ 81.166926407681615, 6.906684466930123 ], [ 81.166566850293108, 6.906918448118496 ], [ 81.166243321376498, 6.907215313823638 ], [ 81.165928977107797, 6.907745854476552 ], [ 81.165740412875024, 6.908114512291487 ], [ 81.165596697756115, 6.908339326010902 ], [ 81.165434957759459, 6.908519216143222 ], [ 81.165210239364313, 6.908672194274979 ], [ 81.164787886880347, 6.909103958189312 ], [ 81.164608277416349, 6.909427666476962 ], [ 81.164608596449014, 6.90981414375548 ] ], [ [ 81.164608596449014, 6.90981414375548 ], [ 81.164941449213075, 6.909912734459099 ], [ 81.165148188071029, 6.909768758513469 ], [ 81.165471854855568, 6.909633674794537 ], [ 81.165795566094545, 6.909552515956157 ], [ 81.166074344316726, 6.909516334174113 ], [ 81.166362258993075, 6.909650913905855 ], [ 81.166632193660988, 6.909794495597593 ], [ 81.166794239480851, 6.909983105007632 ], [ 81.166965263766016, 6.910153730763806 ] ], [ [ 81.164608596449014, 6.90981414375548 ], [ 81.164689844487043, 6.910182577046502 ] ], [ [ 81.157370950951275, 6.910218264381464 ], [ 81.156923068089498, 6.909984276919867 ], [ 81.156283196425335, 6.90960131448299 ], [ 81.155835366218369, 6.90943123845279 ], [ 81.155280890677034, 6.909197337460457 ], [ 81.154875698357358, 6.909027226722837 ], [ 81.154662441623216, 6.90894218005969 ] ], [ [ 81.178071010538872, 6.910205018135779 ], [ 81.178221735549727, 6.909182276936845 ], [ 81.178031460511889, 6.908273452065242 ], [ 81.177992850669654, 6.90744024490825 ] ] ] } },
{ "type": "Feature", "properties": { "Id": 0, "Name": "Kehelgala Oya", "Length": 0 }, "geometry": { "type": "MultiLineString", "coordinates": [ [ [ 81.180269703771572, 6.81972502987867 ], [ 81.180462023973092, 6.820300088885695 ], [ 81.180590272738584, 6.820726069133721 ] ], [ [ 81.177179113235141, 6.819770244370633 ], [ 81.177328800108072, 6.820345340648823 ] ], [ [ 81.177328800108072, 6.820345340648823 ], [ 81.176902738188758, 6.820622657299995 ], [ 81.176391381529385, 6.820857435771466 ], [ 81.176007823362781, 6.820985584146593 ], [ 81.175752118716275, 6.821071015864907 ], [ 81.175411100271049, 6.821092604511754 ], [ 81.175006013708071, 6.820965116747706 ] ], [ [ 81.177328800108072, 6.820345340648823 ], [ 81.177563512747057, 6.820643405458187 ], [ 81.177670246638556, 6.820835056916822 ], [ 81.177798403441912, 6.821154516137893 ], [ 81.177670766792332, 6.82145288724471 ], [ 81.177436555615429, 6.821751346274701 ], [ 81.177117102841393, 6.822071182319102 ], [ 81.176925450427063, 6.82228438944805 ], [ 81.176776443465982, 6.822518864006091 ], [ 81.176542248570485, 6.822838628137915 ], [ 81.176287042074577, 6.823520585633859 ] ], [ [ 81.180590272738584, 6.820726069133721 ], [ 81.181102097213511, 6.82104520219757 ], [ 81.181357746435182, 6.82089585514304 ], [ 81.18169851064097, 6.820575998937622 ], [ 81.181868737451367, 6.820234981406506 ], [ 81.18197525706185, 6.820170977181107 ], [ 81.182252275614218, 6.820085523577093 ], [ 81.18244401710993, 6.819978839656928 ], [ 81.1827209265183, 6.819765557933661 ] ], [ [ 81.180590272738584, 6.820726069133721 ], [ 81.180611821088149, 6.821003010678185 ], [ 81.180505682610459, 6.821514406988454 ] ], [ [ 81.180505682610459, 6.821514406988454 ], [ 81.181081360301988, 6.821726965102761 ], [ 81.181678174724951, 6.821726458496045 ], [ 81.182104523062947, 6.821790008182652 ], [ 81.182509502943262, 6.821789663633703 ], [ 81.182680021740438, 6.821789518457983 ], [ 81.18297842727965, 6.82178926425751 ], [ 81.183212980905452, 6.821895587324247 ], [ 81.183554181223954, 6.822087037338381 ], [ 81.183788734554625, 6.822193357900366 ], [ 81.184087340755212, 6.822427452633753 ], [ 81.18423674505776, 6.822661674184679 ] ], [ [ 81.180505682610459, 6.821514406988454 ], [ 81.180356713785173, 6.821791491286374 ], [ 81.180229078062069, 6.822089863530357 ], [ 81.180016235958519, 6.822452219354859 ], [ 81.179931356088815, 6.822899684964374 ], [ 81.179910439387939, 6.823368401942198 ], [ 81.180081318130007, 6.823794347838784 ], [ 81.180209567679682, 6.824220329194997 ], [ 81.180465853441177, 6.824816637655085 ], [ 81.180508717940356, 6.825093559983916 ] ], [ [ 81.18423674505776, 6.822661674184679 ], [ 81.185003474000965, 6.821957971531403 ], [ 81.185472142945258, 6.821659306496388 ], [ 81.186111346518132, 6.821381800121014 ], [ 81.186622845025767, 6.821317446452426 ], [ 81.187219473283349, 6.821103888931349 ], [ 81.187581639389705, 6.82089053277161 ], [ 81.187879549423428, 6.82031505473193 ] ], [ [ 81.18423674505776, 6.822661674184679 ], [ 81.184386186537708, 6.822938504950515 ], [ 81.184535588944385, 6.823172726387593 ], [ 81.184684993709155, 6.82340694776552 ], [ 81.184919712839573, 6.823705010254253 ], [ 81.185346338548143, 6.824088124500607 ], [ 81.185538337463115, 6.82427970030007 ], [ 81.185773020394649, 6.824535153595627 ], [ 81.186050386400495, 6.824854482658353 ], [ 81.186306385768646, 6.825109915137636 ], [ 81.186404705558843, 6.825338671411937 ] ], [ [ 81.180508717940356, 6.825093559983916 ], [ 81.18018948195359, 6.825669050460144 ], [ 81.179870118905683, 6.826095411273566 ], [ 81.17972125669057, 6.82650032219915 ], [ 81.179508358344521, 6.826798765866038 ], [ 81.178805199893219, 6.82707631807111 ], [ 81.178421637078486, 6.82720446858746 ], [ 81.178080777935847, 6.827417800379387 ] ], [ [ 81.180508717940356, 6.825093559983916 ], [ 81.18082869416682, 6.825391550628356 ], [ 81.180829164454309, 6.825945466942156 ], [ 81.180957669233734, 6.826669709668794 ], [ 81.181086010978589, 6.827202214132769 ], [ 81.181406134519847, 6.827670641384548 ], [ 81.181726366952176, 6.828266894554981 ], [ 81.182068007578707, 6.828969650561969 ], [ 81.18224398610063, 6.829134267869059 ] ], [ [ 81.186404705558843, 6.825338671411937 ], [ 81.18696698254827, 6.824917606507308 ], [ 81.187222760325199, 6.824917386259981 ], [ 81.187691651197881, 6.824874373420188 ], [ 81.188075282358682, 6.824831433725596 ], [ 81.188693375781682, 6.8247882911209 ], [ 81.189055635528618, 6.824681454938404 ], [ 81.189311323021002, 6.824574712413893 ], [ 81.189630916013883, 6.824425304026348 ], [ 81.190312509897723, 6.823870796991002 ] ], [ [ 81.186404705558843, 6.825338671411937 ], [ 81.186498604976833, 6.825557143280733 ], [ 81.1865629356558, 6.826004483541941 ], [ 81.186797673398431, 6.826323848187332 ], [ 81.186883191942542, 6.826622036258062 ] ], [ [ 81.186883191942542, 6.826622036258062 ], [ 81.187288304272599, 6.82677081900149 ], [ 81.187778657858232, 6.826898222938565 ], [ 81.188354347017608, 6.827110771744985 ], [ 81.188908702223756, 6.827302032825296 ], [ 81.189441741853855, 6.827493310050192 ], [ 81.190273155424734, 6.827641720699292 ] ], [ [ 81.186883191942542, 6.826622036258062 ], [ 81.186926097040285, 6.826941566464755 ], [ 81.186990206340909, 6.827133251656271 ], [ 81.187246575000671, 6.827814773238441 ], [ 81.187353736641612, 6.828496425479366 ] ], [ [ 81.187353736641612, 6.828496425479366 ], [ 81.188313265009569, 6.828900381851245 ] ], [ [ 81.187353736641612, 6.828496425479366 ], [ 81.187503585940959, 6.829241952827292 ], [ 81.187632469847486, 6.830392282683115 ], [ 81.187846284983962, 6.831159058407761 ], [ 81.188123787014689, 6.831627517377141 ], [ 81.188593108553619, 6.832074504782485 ], [ 81.189019706210416, 6.832415007447404 ], [ 81.189382361894246, 6.832755563467421 ], [ 81.189979408185707, 6.833010700011072 ] ], [ [ 81.188313265009569, 6.828900381851245 ], [ 81.188760677508654, 6.828665645974766 ], [ 81.189208163417362, 6.828516127076742 ], [ 81.189399869496768, 6.828366828876101 ], [ 81.18961301864428, 6.828366644178675 ], [ 81.189975410838059, 6.828408939207998 ], [ 81.19027387739547, 6.828472593815896 ] ], [ [ 81.188313265009569, 6.828900381851245 ], [ 81.188526746300511, 6.829283678013726 ], [ 81.18880430368479, 6.829816049127601 ], [ 81.189167213518331, 6.830454868456179 ], [ 81.189487365434388, 6.830944594566485 ], [ 81.189956483878888, 6.831157231799915 ], [ 81.190510825832845, 6.831327185795642 ], [ 81.19123572566096, 6.831539598837983 ], [ 81.191470415768833, 6.831795048885094 ], [ 81.191704994056906, 6.831922671150092 ] ], [ [ 81.18224398610063, 6.829134267869059 ], [ 81.182409321673262, 6.8292889283217 ], [ 81.182729138853418, 6.829395177081361 ], [ 81.183134215541997, 6.829501354519547 ], [ 81.183390050512301, 6.829565050334011 ], [ 81.183688462496534, 6.82956479540429 ] ], [ [ 81.18224398610063, 6.829134267869059 ], [ 81.181897940952737, 6.829502408020287 ], [ 81.18140789232109, 6.829737174001502 ], [ 81.180768692414262, 6.830035978687194 ], [ 81.180534443216203, 6.830291832176828 ], [ 81.18030037454939, 6.830760729761375 ] ], [ [ 81.183688462496534, 6.82956479540429 ], [ 81.184157376635127, 6.829543088968875 ], [ 81.184668975467559, 6.829585259728859 ], [ 81.185287496345921, 6.830032122859931 ], [ 81.186055389018009, 6.830670597680341 ], [ 81.186418169801399, 6.831160289355419 ], [ 81.186695597590131, 6.831543529637108 ], [ 81.187271344987238, 6.8318199935287 ], [ 81.18771913052008, 6.832011345872596 ], [ 81.187868703874599, 6.832437306660065 ], [ 81.187932945012435, 6.832778123112749 ] ], [ [ 81.183688462496534, 6.82956479540429 ], [ 81.184157869288029, 6.830118310413522 ], [ 81.184286015424235, 6.830416462478023 ], [ 81.184307860403919, 6.831034274352361 ], [ 81.184308353343297, 6.831609493542699 ], [ 81.184308974143278, 6.832333844841183 ], [ 81.184906933665417, 6.833654210332162 ], [ 81.185099245339259, 6.834207961595673 ], [ 81.185312875459843, 6.834761694439793 ], [ 81.185505171445868, 6.835294140561373 ], [ 81.185654817392532, 6.835805319417291 ], [ 81.18580457536504, 6.83644432426301 ], [ 81.186082061040338, 6.836891480449961 ] ], [ [ 81.18030037454939, 6.830760729761375 ], [ 81.180087368090497, 6.830931345876339 ], [ 81.179767803120399, 6.831123357067163 ], [ 81.179405590253751, 6.831294098652886 ], [ 81.179277951759303, 6.831592470712495 ], [ 81.179214203758733, 6.83182687392196 ], [ 81.179107987751152, 6.832253051910715 ], [ 81.179087142501018, 6.832806986206467 ] ], [ [ 81.18030037454939, 6.830760729761375 ], [ 81.18076995934652, 6.831527292383679 ], [ 81.180898359034046, 6.832123708704854 ], [ 81.181133261147991, 6.832634816973662 ], [ 81.181325459313399, 6.833060743341911 ], [ 81.181432344434299, 6.833422828488308 ], [ 81.18149663565687, 6.833827558574749 ], [ 81.181305178707262, 6.834275114898357 ], [ 81.180857972811154, 6.834765498853209 ], [ 81.180709165180389, 6.835234324229134 ], [ 81.180709563575263, 6.835703021233656 ], [ 81.180901728181624, 6.836086338948698 ], [ 81.181179025710179, 6.836320452476538 ], [ 81.181520181978271, 6.836447989080715 ], [ 81.18201058239643, 6.836618006491248 ] ], [ [ 81.186082061040338, 6.836891480449961 ], [ 81.18672150444128, 6.836869624343931 ], [ 81.187403670924155, 6.836954253949624 ], [ 81.187915240333609, 6.836953812081215 ], [ 81.188619110642108, 6.837485815341622 ], [ 81.188939100814565, 6.837783799650764 ], [ 81.189429558639617, 6.838017723361863 ], [ 81.190495722406382, 6.838464190150573 ] ], [ [ 81.186082061040338, 6.836891480449961 ], [ 81.186146411838592, 6.837360122071965 ], [ 81.186232113748034, 6.83787135510807 ], [ 81.186360483339769, 6.838425160628728 ], [ 81.186446094423928, 6.838829871323276 ], [ 81.186616950012791, 6.839213205273476 ], [ 81.186766580202601, 6.839703079769056 ], [ 81.186937584123285, 6.84025684826255 ], [ 81.186938136079249, 6.840895981157175 ], [ 81.187066599523433, 6.841556307453737 ], [ 81.187194769303659, 6.841875763750894 ], [ 81.187471982712196, 6.842003352088802 ], [ 81.188005077616822, 6.842237238499444 ], [ 81.188879293984428, 6.842556049916322 ], [ 81.189284403691019, 6.842683525149901 ], [ 81.189860166660608, 6.842959982712344 ], [ 81.190201718687902, 6.843534905219869 ], [ 81.190564382363121, 6.84387546128929 ], [ 81.191225392941476, 6.844130537952239 ], [ 81.191886346633936, 6.844321701251865 ], [ 81.192525894103923, 6.844406359555711 ] ] ] } }
]
}
